Participant._id_in_session,Participant.code,Participant.label,Participant._current_page,Participant._current_app_name,Participant._round_number,Participant._current_page_name,Participant.status,Participant.ip_address,Participant.time_started,Participant.exclude_from_data_analysis,Participant.name,Participant.visited,Participant.mturk_worker_id,Participant.mturk_assignment_id,Player.id_in_group,Player.role,Player.id,Player.payoff,Player.extraction,Player.ranking,Player.auxiliar,Player.aux_2_1,Player.aux_2_2,Player.aux_2_3,Player.gp_ranking,Group.id,Group.total_extraction,Group.total_payment,Group.group_loss,Subsession.id,Subsession.round_number,Subsession.rank_uno,Subsession.rank_dos,Subsession.rank_tres,Subsession.rank_p_1,Subsession.rank_p_2,Subsession.rank_p_3,Subsession.rank_p_4,Subsession.rank_p_5,Subsession.rank_p_6,Subsession.rank_p_7,Subsession.rank_p_8,Subsession.rank_p_9,Subsession.rank_p_10,Subsession.rank_p_11,Subsession.rank_p_12,Subsession.posit_1,Subsession.posit_2,Subsession.posit_3,Subsession.posit_4,Subsession.posit_5,Subsession.posit_6,Subsession.posit_7,Subsession.posit_8,Subsession.posit_9,Subsession.posit_10,Subsession.posit_11,Subsession.posit_12,Subsession.max_pay,Subsession.min_pay,Subsession.max_fund,Subsession.min_fund,Session.code,Session.label,Session.experimenter_name,Session.real_world_currency_per_point,Session.time_scheduled,Session.time_started,Session.mturk_HITId,Session.mturk_HITGroupId,Session.participation_fee,Session.comment,Session.is_demo,Session.use_cli_bots
P11,52oux9ov,,121/121 pages,MLG_survey,1,Payment_info,Playing,10.51.193.29,2016-08-09 22:04:58.893949+00:00,0,45,1,,,2,,11,4.7,3,9,45,1,0,0,3,4,15,21.8,1.7,1,1,3,1,2,11,8,12,7,4,9,2,3,5,5,9,1,35,36,37,38,39,40,41,42,43,44,45,46,8.5,3.5,10.0,5.0,zt62io3i,,,200.00000,,,,,5000.00,,1,
P4,gjn6gq0v,,121/121 pages,MLG_survey,1,Payment_info,Playing,10.170.178.66,2016-08-09 22:05:30.571238+00:00,0,38,1,,,3,,4,5.7,4,7,38,1,0,0,3,4,15,21.8,1.7,1,1,3,1,2,11,8,12,7,4,9,2,3,5,5,9,1,35,36,37,38,39,40,41,42,43,44,45,46,8.5,3.5,10.0,5.0,zt62io3i,,,200.00000,,,,,5000.00,,1,
P8,3w4yh997,,121/121 pages,MLG_survey,1,Payment_info,Playing,10.13.217.57,2016-08-09 22:06:06.530302+00:00,0,42,1,,,1,,8,6.7,5,3,42,1,0,0,3,4,15,21.8,1.7,1,1,3,1,2,11,8,12,7,4,9,2,3,5,5,9,1,35,36,37,38,39,40,41,42,43,44,45,46,8.5,3.5,10.0,5.0,zt62io3i,,,200.00000,,,,,5000.00,,1,
P7,6ka3vdrx,,121/121 pages,MLG_survey,1,Payment_info,Playing,10.158.172.100,2016-08-09 22:06:15.709595+00:00,0,41,1,,,2,,7,7.8,5,2,41,0,0,1,2,6,12,23.2,2.8,1,1,3,1,2,11,8,12,7,4,9,2,3,5,5,9,1,35,36,37,38,39,40,41,42,43,44,45,46,8.5,3.5,10.0,5.0,zt62io3i,,,200.00000,,,,,5000.00,,1,
P1,39l6xjub,,121/121 pages,MLG_survey,1,Payment_info,Playing,10.61.152.141,2016-08-09 22:06:54.257638+00:00,0,35,1,,,4,,1,3.8,1,11,35,0,0,1,2,6,12,23.2,2.8,1,1,3,1,2,11,8,12,7,4,9,2,3,5,5,9,1,35,36,37,38,39,40,41,42,43,44,45,46,8.5,3.5,10.0,5.0,zt62io3i,,,200.00000,,,,,5000.00,,1,
P3,nlbztv8j,,121/121 pages,MLG_survey,1,Payment_info,Playing,10.237.244.41,2016-08-09 22:06:01.585342+00:00,0,37,1,,,4,,3,3.5,0,12,37,0,1,0,1,5,10,24.0,3.5,1,1,3,1,2,11,8,12,7,4,9,2,3,5,5,9,1,35,36,37,38,39,40,41,42,43,44,45,46,8.5,3.5,10.0,5.0,zt62io3i,,,200.00000,,,,,5000.00,,1,
P10,0rblqk8z,,121/121 pages,MLG_survey,1,Payment_info,Playing,10.93.189.130,2016-08-09 22:05:09.983129+00:00,0,44,1,,,1,,10,5.8,3,5,44,0,0,1,2,6,12,23.2,2.8,1,1,3,1,2,11,8,12,7,4,9,2,3,5,5,9,1,35,36,37,38,39,40,41,42,43,44,45,46,8.5,3.5,10.0,5.0,zt62io3i,,,200.00000,,,,,5000.00,,1,
P12,aavgcaym,,121/121 pages,MLG_survey,1,Payment_info,Playing,10.51.167.27,2016-08-09 22:04:48.957997+00:00,0,46,1,,,1,,12,8.5,5,1,46,0,1,0,1,5,10,24.0,3.5,1,1,3,1,2,11,8,12,7,4,9,2,3,5,5,9,1,35,36,37,38,39,40,41,42,43,44,45,46,8.5,3.5,10.0,5.0,zt62io3i,,,200.00000,,,,,5000.00,,1,
P9,6rza2p22,,121/121 pages,MLG_survey,1,Payment_info,Playing,10.142.28.175,2016-08-09 22:05:46.014145+00:00,0,43,1,,,3,,9,5.8,3,5,43,0,0,1,2,6,12,23.2,2.8,1,1,3,1,2,11,8,12,7,4,9,2,3,5,5,9,1,35,36,37,38,39,40,41,42,43,44,45,46,8.5,3.5,10.0,5.0,zt62io3i,,,200.00000,,,,,5000.00,,1,
P2,pcf7gm29,,121/121 pages,MLG_survey,1,Payment_info,Playing,10.186.213.164,2016-08-09 22:10:35.221718+00:00,0,36,1,,,3,,2,5.5,2,8,36,0,1,0,1,5,10,24.0,3.5,1,1,3,1,2,11,8,12,7,4,9,2,3,5,5,9,1,35,36,37,38,39,40,41,42,43,44,45,46,8.5,3.5,10.0,5.0,zt62io3i,,,200.00000,,,,,5000.00,,1,
P5,ui2o6507,,121/121 pages,MLG_survey,1,Payment_info,Playing,10.5.200.32,2016-08-09 22:04:59.226294+00:00,0,39,1,,,2,,5,6.5,3,4,39,0,1,0,1,5,10,24.0,3.5,1,1,3,1,2,11,8,12,7,4,9,2,3,5,5,9,1,35,36,37,38,39,40,41,42,43,44,45,46,8.5,3.5,10.0,5.0,zt62io3i,,,200.00000,,,,,5000.00,,1,
P6,xz57rkvf,,121/121 pages,MLG_survey,1,Payment_info,Playing,10.81.228.101,2016-08-09 22:04:25.655661+00:00,0,40,1,,,4,,6,4.7,3,9,40,1,0,0,3,4,15,21.8,1.7,1,1,3,1,2,11,8,12,7,4,9,2,3,5,5,9,1,35,36,37,38,39,40,41,42,43,44,45,46,8.5,3.5,10.0,5.0,zt62io3i,,,200.00000,,,,,5000.00,,1,
P4,ngpbmulp,,121/121 pages,MLG_survey,1,Payment_info,Playing,10.95.237.20,2016-08-22 17:39:17.156757+00:00,0,94,1,,,4,,64,4.7,3,10,94,0,1,0,2,35,15,21.8,1.7,6,1,3,2,1,6,2,12,10,2,4,10,7,8,8,1,4,91,92,93,94,95,96,97,98,99,100,101,102,6.7,3.4,6.0,4.0,2t6cux37,,,200.00000,,,,,5000.00,,1,
P9,9o9clpsq,,121/121 pages,MLG_survey,1,Payment_info,Playing,10.180.37.142,2016-08-22 17:38:18.596573+00:00,0,99,1,,,2,,69,5.1,3,8,99,0,0,1,1,36,14,22.4,2.1,6,1,3,2,1,6,2,12,10,2,4,10,7,8,8,1,4,91,92,93,94,95,96,97,98,99,100,101,102,6.7,3.4,6.0,4.0,2t6cux37,,,200.00000,,,,,5000.00,,1,
P11,w8txiz3u,,121/121 pages,MLG_survey,1,Payment_info,Playing,10.111.206.121,2016-08-22 17:37:54.880974+00:00,0,101,1,,,3,,71,6.7,5,1,101,0,1,0,2,35,15,21.8,1.7,6,1,3,2,1,6,2,12,10,2,4,10,7,8,8,1,4,91,92,93,94,95,96,97,98,99,100,101,102,6.7,3.4,6.0,4.0,2t6cux37,,,200.00000,,,,,5000.00,,1,
P12,0a2wbu80,,121/121 pages,MLG_survey,1,Payment_info,Playing,10.102.236.103,2016-08-22 17:37:41.508841+00:00,0,102,1,,,1,,72,6.1,4,4,102,0,0,1,1,36,14,22.4,2.1,6,1,3,2,1,6,2,12,10,2,4,10,7,8,8,1,4,91,92,93,94,95,96,97,98,99,100,101,102,6.7,3.4,6.0,4.0,2t6cux37,,,200.00000,,,,,5000.00,,1,
P10,bkdkazck,,121/121 pages,MLG_survey,1,Payment_info,Playing,10.152.73.88,2016-08-22 17:38:06.930981+00:00,0,100,1,,,3,,70,5.1,3,8,100,0,0,1,1,36,14,22.4,2.1,6,1,3,2,1,6,2,12,10,2,4,10,7,8,8,1,4,91,92,93,94,95,96,97,98,99,100,101,102,6.7,3.4,6.0,4.0,2t6cux37,,,200.00000,,,,,5000.00,,1,
P2,24wb7l7g,,121/121 pages,MLG_survey,1,Payment_info,Playing,10.37.199.190,2016-08-22 17:38:46.764842+00:00,0,92,1,,,3,,62,6.4,5,2,92,1,0,0,3,34,16,21.6,1.4,6,1,3,2,1,6,2,12,10,2,4,10,7,8,8,1,4,91,92,93,94,95,96,97,98,99,100,101,102,6.7,3.4,6.0,4.0,2t6cux37,,,200.00000,,,,,5000.00,,1,
P7,z6185o9m,,121/121 pages,MLG_survey,1,Payment_info,Playing,10.93.183.121,2016-08-22 17:38:42.115072+00:00,0,97,1,,,2,,67,4.7,3,10,97,0,1,0,2,35,15,21.8,1.7,6,1,3,2,1,6,2,12,10,2,4,10,7,8,8,1,4,91,92,93,94,95,96,97,98,99,100,101,102,6.7,3.4,6.0,4.0,2t6cux37,,,200.00000,,,,,5000.00,,1,
P8,mihn323q,,121/121 pages,MLG_survey,1,Payment_info,Playing,10.63.227.88,2016-08-22 17:38:31.594973+00:00,0,98,1,,,1,,68,5.4,4,7,98,1,0,0,3,34,16,21.6,1.4,6,1,3,2,1,6,2,12,10,2,4,10,7,8,8,1,4,91,92,93,94,95,96,97,98,99,100,101,102,6.7,3.4,6.0,4.0,2t6cux37,,,200.00000,,,,,5000.00,,1,
P3,l739scml,,121/121 pages,MLG_survey,1,Payment_info,Playing,10.65.93.238,2016-08-22 17:39:16.840737+00:00,0,93,1,,,2,,63,3.4,2,12,93,1,0,0,3,34,16,21.6,1.4,6,1,3,2,1,6,2,12,10,2,4,10,7,8,8,1,4,91,92,93,94,95,96,97,98,99,100,101,102,6.7,3.4,6.0,4.0,2t6cux37,,,200.00000,,,,,5000.00,,1,
P5,ee6dngxr,,121/121 pages,MLG_survey,1,Payment_info,Playing,10.93.189.130,2016-08-22 17:39:05.178238+00:00,0,95,1,,,4,,65,6.4,5,2,95,1,0,0,3,34,16,21.6,1.4,6,1,3,2,1,6,2,12,10,2,4,10,7,8,8,1,4,91,92,93,94,95,96,97,98,99,100,101,102,6.7,3.4,6.0,4.0,2t6cux37,,,200.00000,,,,,5000.00,,1,
P6,2z3woarf,,121/121 pages,MLG_survey,1,Payment_info,Playing,10.179.98.230,2016-08-22 17:38:52.462263+00:00,0,96,1,,,4,,66,6.1,4,4,96,0,0,1,1,36,14,22.4,2.1,6,1,3,2,1,6,2,12,10,2,4,10,7,8,8,1,4,91,92,93,94,95,96,97,98,99,100,101,102,6.7,3.4,6.0,4.0,2t6cux37,,,200.00000,,,,,5000.00,,1,
P1,tpmnllyw,,121/121 pages,MLG_survey,1,Payment_info,Playing,10.170.185.250,2016-08-22 17:38:34.927355+00:00,0,91,1,,,1,,61,5.7,4,6,91,0,1,0,2,35,15,21.8,1.7,6,1,3,2,1,6,2,12,10,2,4,10,7,8,8,1,4,91,92,93,94,95,96,97,98,99,100,101,102,6.7,3.4,6.0,4.0,2t6cux37,,,200.00000,,,,,5000.00,,1,
P9,frno2noq,,121/121 pages,MLG_survey,1,Payment_info,Playing,10.142.28.175,2016-08-22 22:30:18.753979+00:00,0,123,1,,,2,,129,5.0,4,10,123,0,1,0,3,65,17,21.0,1,11,1,2,3,1,8,11,6,6,1,9,3,2,10,3,5,12,115,116,117,118,119,120,121,122,123,124,125,126,8.1,4.0,12.0,3.0,m7yiq95t,,,200.00000,,,,,5000.00,,1,
P12,t9kl2n8x,,121/121 pages,MLG_survey,1,Payment_info,Playing,10.13.220.50,2016-08-22 22:30:17.425605+00:00,0,126,1,,,3,,132,4.0,3,12,126,0,1,0,3,65,17,21.0,1,11,1,2,3,1,8,11,6,6,1,9,3,2,10,3,5,12,115,116,117,118,119,120,121,122,123,124,125,126,8.1,4.0,12.0,3.0,m7yiq95t,,,200.00000,,,,,5000.00,,1,
P2,24wb7l7g,,121/121 pages,MLG_survey,1,Payment_info,Playing,10.37.199.190,2016-08-22 17:38:46.764842+00:00,0,92,1,,,3,,74,4.5,1,9,92,1,0,0,1,40,10,24.0,3.5,7,2,1,3,1,12,9,9,8,1,4,2,4,4,9,2,4,91,92,93,94,95,96,97,98,99,100,101,102,8.5,2.1,10.0,6.0,2t6cux37,,,200.00000,,,,,5000.00,,1,
P7,z6185o9m,,121/121 pages,MLG_survey,1,Payment_info,Playing,10.93.183.121,2016-08-22 17:38:42.115072+00:00,0,97,1,,,2,,79,7.1,5,2,97,0,1,0,3,41,14,22.4,2.1,7,2,1,3,1,12,9,9,8,1,4,2,4,4,9,2,4,91,92,93,94,95,96,97,98,99,100,101,102,8.5,2.1,10.0,6.0,2t6cux37,,,200.00000,,,,,5000.00,,1,
P11,w8txiz3u,,121/121 pages,MLG_survey,1,Payment_info,Playing,10.111.206.121,2016-08-22 17:37:54.880974+00:00,0,101,1,,,3,,83,7.1,5,2,101,0,1,0,3,41,14,22.4,2.1,7,2,1,3,1,12,9,9,8,1,4,2,4,4,9,2,4,91,92,93,94,95,96,97,98,99,100,101,102,8.5,2.1,10.0,6.0,2t6cux37,,,200.00000,,,,,5000.00,,1,
P4,ngpbmulp,,121/121 pages,MLG_survey,1,Payment_info,Playing,10.95.237.20,2016-08-22 17:39:17.156757+00:00,0,94,1,,,4,,76,6.1,4,8,94,0,1,0,3,41,14,22.4,2.1,7,2,1,3,1,12,9,9,8,1,4,2,4,4,9,2,4,91,92,93,94,95,96,97,98,99,100,101,102,8.5,2.1,10.0,6.0,2t6cux37,,,200.00000,,,,,5000.00,,1,
P9,9o9clpsq,,121/121 pages,MLG_survey,1,Payment_info,Playing,10.180.37.142,2016-08-22 17:38:18.596573+00:00,0,99,1,,,2,,81,6.5,3,4,99,0,0,1,1,42,10,24.0,3.5,7,2,1,3,1,12,9,9,8,1,4,2,4,4,9,2,4,91,92,93,94,95,96,97,98,99,100,101,102,8.5,2.1,10.0,6.0,2t6cux37,,,200.00000,,,,,5000.00,,1,
P10,bkdkazck,,121/121 pages,MLG_survey,1,Payment_info,Playing,10.152.73.88,2016-08-22 17:38:06.930981+00:00,0,100,1,,,3,,82,4.5,1,9,100,0,0,1,1,42,10,24.0,3.5,7,2,1,3,1,12,9,9,8,1,4,2,4,4,9,2,4,91,92,93,94,95,96,97,98,99,100,101,102,8.5,2.1,10.0,6.0,2t6cux37,,,200.00000,,,,,5000.00,,1,
P6,2z3woarf,,121/121 pages,MLG_survey,1,Payment_info,Playing,10.179.98.230,2016-08-22 17:38:52.462263+00:00,0,96,1,,,4,,78,6.5,3,4,96,0,0,1,1,42,10,24.0,3.5,7,2,1,3,1,12,9,9,8,1,4,2,4,4,9,2,4,91,92,93,94,95,96,97,98,99,100,101,102,8.5,2.1,10.0,6.0,2t6cux37,,,200.00000,,,,,5000.00,,1,
P5,ee6dngxr,,121/121 pages,MLG_survey,1,Payment_info,Playing,10.93.189.130,2016-08-22 17:39:05.178238+00:00,0,95,1,,,4,,77,8.5,5,1,95,1,0,0,1,40,10,24.0,3.5,7,2,1,3,1,12,9,9,8,1,4,2,4,4,9,2,4,91,92,93,94,95,96,97,98,99,100,101,102,8.5,2.1,10.0,6.0,2t6cux37,,,200.00000,,,,,5000.00,,1,
P12,0a2wbu80,,121/121 pages,MLG_survey,1,Payment_info,Playing,10.102.236.103,2016-08-22 17:37:41.508841+00:00,0,102,1,,,1,,84,6.5,3,4,102,0,0,1,1,42,10,24.0,3.5,7,2,1,3,1,12,9,9,8,1,4,2,4,4,9,2,4,91,92,93,94,95,96,97,98,99,100,101,102,8.5,2.1,10.0,6.0,2t6cux37,,,200.00000,,,,,5000.00,,1,
P11,52oux9ov,,121/121 pages,MLG_survey,1,Payment_info,Playing,10.51.193.29,2016-08-09 22:04:58.893949+00:00,0,45,1,,,2,,35,5.0,4,8,45,1,0,0,2,16,17,21.0,1,3,3,2,1,3,11,6,1,8,6,8,4,3,4,11,8,1,35,36,37,38,39,40,41,42,43,44,45,46,6.1,4.7,6.0,2.0,zt62io3i,,,200.00000,,,,,5000.00,,1,
P4,gjn6gq0v,,121/121 pages,MLG_survey,1,Payment_info,Playing,10.170.178.66,2016-08-09 22:05:30.571238+00:00,0,38,1,,,3,,28,5.0,4,8,38,1,0,0,2,16,17,21.0,1,3,3,2,1,3,11,6,1,8,6,8,4,3,4,11,8,1,35,36,37,38,39,40,41,42,43,44,45,46,6.1,4.7,6.0,2.0,zt62io3i,,,200.00000,,,,,5000.00,,1,
P7,6ka3vdrx,,121/121 pages,MLG_survey,1,Payment_info,Playing,10.158.172.100,2016-08-09 22:06:15.709595+00:00,0,41,1,,,2,,31,5.7,5,4,41,0,0,1,3,18,18,20.8,0.7,3,3,2,1,3,11,6,1,8,6,8,4,3,4,11,8,1,35,36,37,38,39,40,41,42,43,44,45,46,6.1,4.7,6.0,2.0,zt62io3i,,,200.00000,,,,,5000.00,,1,
P5,ui2o6507,,121/121 pages,MLG_survey,1,Payment_info,Playing,10.5.200.32,2016-08-09 22:04:59.226294+00:00,0,39,1,,,2,,29,5.1,3,6,39,0,1,0,1,17,14,22.4,2.1,3,3,2,1,3,11,6,1,8,6,8,4,3,4,11,8,1,35,36,37,38,39,40,41,42,43,44,45,46,6.1,4.7,6.0,2.0,zt62io3i,,,200.00000,,,,,5000.00,,1,
P3,nlbztv8j,,121/121 pages,MLG_survey,1,Payment_info,Playing,10.237.244.41,2016-08-09 22:06:01.585342+00:00,0,37,1,,,4,,27,6.1,4,1,37,0,1,0,1,17,14,22.4,2.1,3,3,2,1,3,11,6,1,8,6,8,4,3,4,11,8,1,35,36,37,38,39,40,41,42,43,44,45,46,6.1,4.7,6.0,2.0,zt62io3i,,,200.00000,,,,,5000.00,,1,
P1,39l6xjub,,121/121 pages,MLG_survey,1,Payment_info,Playing,10.61.152.141,2016-08-09 22:06:54.257638+00:00,0,35,1,,,4,,25,4.7,4,11,35,0,0,1,3,18,18,20.8,0.7,3,3,2,1,3,11,6,1,8,6,8,4,3,4,11,8,1,35,36,37,38,39,40,41,42,43,44,45,46,6.1,4.7,6.0,2.0,zt62io3i,,,200.00000,,,,,5000.00,,1,
P8,3w4yh997,,121/121 pages,MLG_survey,1,Payment_info,Playing,10.13.217.57,2016-08-09 22:06:06.530302+00:00,0,42,1,,,1,,32,6.0,5,3,42,1,0,0,2,16,17,21.0,1,3,3,2,1,3,11,6,1,8,6,8,4,3,4,11,8,1,35,36,37,38,39,40,41,42,43,44,45,46,6.1,4.7,6.0,2.0,zt62io3i,,,200.00000,,,,,5000.00,,1,
P6,xz57rkvf,,121/121 pages,MLG_survey,1,Payment_info,Playing,10.81.228.101,2016-08-09 22:04:25.655661+00:00,0,40,1,,,4,,30,5.0,4,8,40,1,0,0,2,16,17,21.0,1,3,3,2,1,3,11,6,1,8,6,8,4,3,4,11,8,1,35,36,37,38,39,40,41,42,43,44,45,46,6.1,4.7,6.0,2.0,zt62io3i,,,200.00000,,,,,5000.00,,1,
P2,pcf7gm29,,121/121 pages,MLG_survey,1,Payment_info,Playing,10.186.213.164,2016-08-09 22:10:35.221718+00:00,0,36,1,,,3,,26,5.1,3,6,36,0,1,0,1,17,14,22.4,2.1,3,3,2,1,3,11,6,1,8,6,8,4,3,4,11,8,1,35,36,37,38,39,40,41,42,43,44,45,46,6.1,4.7,6.0,2.0,zt62io3i,,,200.00000,,,,,5000.00,,1,
P9,6rza2p22,,121/121 pages,MLG_survey,1,Payment_info,Playing,10.142.28.175,2016-08-09 22:05:46.014145+00:00,0,43,1,,,3,,33,5.7,5,4,43,0,0,1,3,18,18,20.8,0.7,3,3,2,1,3,11,6,1,8,6,8,4,3,4,11,8,1,35,36,37,38,39,40,41,42,43,44,45,46,6.1,4.7,6.0,2.0,zt62io3i,,,200.00000,,,,,5000.00,,1,
P12,aavgcaym,,121/121 pages,MLG_survey,1,Payment_info,Playing,10.51.167.27,2016-08-09 22:04:48.957997+00:00,0,46,1,,,1,,36,6.1,4,1,46,0,1,0,1,17,14,22.4,2.1,3,3,2,1,3,11,6,1,8,6,8,4,3,4,11,8,1,35,36,37,38,39,40,41,42,43,44,45,46,6.1,4.7,6.0,2.0,zt62io3i,,,200.00000,,,,,5000.00,,1,
P10,0rblqk8z,,121/121 pages,MLG_survey,1,Payment_info,Playing,10.93.189.130,2016-08-09 22:05:09.983129+00:00,0,44,1,,,1,,34,4.7,4,11,44,0,0,1,3,18,18,20.8,0.7,3,3,2,1,3,11,6,1,8,6,8,4,3,4,11,8,1,35,36,37,38,39,40,41,42,43,44,45,46,6.1,4.7,6.0,2.0,zt62io3i,,,200.00000,,,,,5000.00,,1,
P3,l739scml,,121/121 pages,MLG_survey,1,Payment_info,Playing,10.65.93.238,2016-08-22 17:39:16.840737+00:00,0,93,1,,,2,,75,4.5,1,9,93,1,0,0,1,40,10,24.0,3.5,7,2,1,3,1,12,9,9,8,1,4,2,4,4,9,2,4,91,92,93,94,95,96,97,98,99,100,101,102,8.5,2.1,10.0,6.0,2t6cux37,,,200.00000,,,,,5000.00,,1,
P2,pcf7gm29,,121/121 pages,MLG_survey,1,Payment_info,Playing,10.186.213.164,2016-08-09 22:10:35.221718+00:00,0,36,1,,,3,,14,4.5,1,10,36,0,1,0,1,11,10,24.0,3.5,2,2,2,1,2,2,10,6,4,6,8,8,2,4,11,11,1,35,36,37,38,39,40,41,42,43,44,45,46,8.5,4.1,10.0,6.0,zt62io3i,,,200.00000,,,,,5000.00,,1,
P11,52oux9ov,,121/121 pages,MLG_survey,1,Payment_info,Playing,10.51.193.29,2016-08-09 22:04:58.893949+00:00,0,45,1,,,2,,23,4.1,2,11,45,1,0,0,2,10,14,22.4,2.1,2,2,2,1,2,2,10,6,4,6,8,8,2,4,11,11,1,35,36,37,38,39,40,41,42,43,44,45,46,8.5,4.1,10.0,6.0,zt62io3i,,,200.00000,,,,,5000.00,,1,
P1,39l6xjub,,121/121 pages,MLG_survey,1,Payment_info,Playing,10.61.152.141,2016-08-09 22:06:54.257638+00:00,0,35,1,,,4,,13,7.1,5,2,35,0,0,1,2,12,14,22.4,2.1,2,2,2,1,2,2,10,6,4,6,8,8,2,4,11,11,1,35,36,37,38,39,40,41,42,43,44,45,46,8.5,4.1,10.0,6.0,zt62io3i,,,200.00000,,,,,5000.00,,1,
P7,6ka3vdrx,,121/121 pages,MLG_survey,1,Payment_info,Playing,10.158.172.100,2016-08-09 22:06:15.709595+00:00,0,41,1,,,2,,19,5.1,3,8,41,0,0,1,2,12,14,22.4,2.1,2,2,2,1,2,2,10,6,4,6,8,8,2,4,11,11,1,35,36,37,38,39,40,41,42,43,44,45,46,8.5,4.1,10.0,6.0,zt62io3i,,,200.00000,,,,,5000.00,,1,
P3,nlbztv8j,,121/121 pages,MLG_survey,1,Payment_info,Playing,10.237.244.41,2016-08-09 22:06:01.585342+00:00,0,37,1,,,4,,15,5.5,2,6,37,0,1,0,1,11,10,24.0,3.5,2,2,2,1,2,2,10,6,4,6,8,8,2,4,11,11,1,35,36,37,38,39,40,41,42,43,44,45,46,8.5,4.1,10.0,6.0,zt62io3i,,,200.00000,,,,,5000.00,,1,
P12,aavgcaym,,121/121 pages,MLG_survey,1,Payment_info,Playing,10.51.167.27,2016-08-09 22:04:48.957997+00:00,0,46,1,,,1,,24,8.5,5,1,46,0,1,0,1,11,10,24.0,3.5,2,2,2,1,2,2,10,6,4,6,8,8,2,4,11,11,1,35,36,37,38,39,40,41,42,43,44,45,46,8.5,4.1,10.0,6.0,zt62io3i,,,200.00000,,,,,5000.00,,1,
P6,xz57rkvf,,121/121 pages,MLG_survey,1,Payment_info,Playing,10.81.228.101,2016-08-09 22:04:25.655661+00:00,0,40,1,,,4,,18,5.1,3,8,40,1,0,0,2,10,14,22.4,2.1,2,2,2,1,2,2,10,6,4,6,8,8,2,4,11,11,1,35,36,37,38,39,40,41,42,43,44,45,46,8.5,4.1,10.0,6.0,zt62io3i,,,200.00000,,,,,5000.00,,1,
P10,0rblqk8z,,121/121 pages,MLG_survey,1,Payment_info,Playing,10.93.189.130,2016-08-09 22:05:09.983129+00:00,0,44,1,,,1,,22,4.1,2,11,44,0,0,1,2,12,14,22.4,2.1,2,2,2,1,2,2,10,6,4,6,8,8,2,4,11,11,1,35,36,37,38,39,40,41,42,43,44,45,46,8.5,4.1,10.0,6.0,zt62io3i,,,200.00000,,,,,5000.00,,1,
P8,3w4yh997,,121/121 pages,MLG_survey,1,Payment_info,Playing,10.13.217.57,2016-08-09 22:06:06.530302+00:00,0,42,1,,,1,,20,7.1,5,2,42,1,0,0,2,10,14,22.4,2.1,2,2,2,1,2,2,10,6,4,6,8,8,2,4,11,11,1,35,36,37,38,39,40,41,42,43,44,45,46,8.5,4.1,10.0,6.0,zt62io3i,,,200.00000,,,,,5000.00,,1,
P5,ui2o6507,,121/121 pages,MLG_survey,1,Payment_info,Playing,10.5.200.32,2016-08-09 22:04:59.226294+00:00,0,39,1,,,2,,17,5.5,2,6,39,0,1,0,1,11,10,24.0,3.5,2,2,2,1,2,2,10,6,4,6,8,8,2,4,11,11,1,35,36,37,38,39,40,41,42,43,44,45,46,8.5,4.1,10.0,6.0,zt62io3i,,,200.00000,,,,,5000.00,,1,
P9,6rza2p22,,121/121 pages,MLG_survey,1,Payment_info,Playing,10.142.28.175,2016-08-09 22:05:46.014145+00:00,0,43,1,,,3,,21,6.1,4,4,43,0,0,1,2,12,14,22.4,2.1,2,2,2,1,2,2,10,6,4,6,8,8,2,4,11,11,1,35,36,37,38,39,40,41,42,43,44,45,46,8.5,4.1,10.0,6.0,zt62io3i,,,200.00000,,,,,5000.00,,1,
P4,gjn6gq0v,,121/121 pages,MLG_survey,1,Payment_info,Playing,10.170.178.66,2016-08-09 22:05:30.571238+00:00,0,38,1,,,3,,16,6.1,4,4,38,1,0,0,2,10,14,22.4,2.1,2,2,2,1,2,2,10,6,4,6,8,8,2,4,11,11,1,35,36,37,38,39,40,41,42,43,44,45,46,8.5,4.1,10.0,6.0,zt62io3i,,,200.00000,,,,,5000.00,,1,
P8,mihn323q,,121/121 pages,MLG_survey,1,Payment_info,Playing,10.63.227.88,2016-08-22 17:38:31.594973+00:00,0,98,1,,,1,,80,6.5,3,4,98,1,0,0,1,40,10,24.0,3.5,7,2,1,3,1,12,9,9,8,1,4,2,4,4,9,2,4,91,92,93,94,95,96,97,98,99,100,101,102,8.5,2.1,10.0,6.0,2t6cux37,,,200.00000,,,,,5000.00,,1,
P1,tpmnllyw,,121/121 pages,MLG_survey,1,Payment_info,Playing,10.170.185.250,2016-08-22 17:38:34.927355+00:00,0,91,1,,,1,,73,2.1,0,12,91,0,1,0,3,41,14,22.4,2.1,7,2,1,3,1,12,9,9,8,1,4,2,4,4,9,2,4,91,92,93,94,95,96,97,98,99,100,101,102,8.5,2.1,10.0,6.0,2t6cux37,,,200.00000,,,,,5000.00,,1,
P3,nlbztv8j,,121/121 pages,MLG_survey,1,Payment_info,Playing,10.237.244.41,2016-08-09 22:06:01.585342+00:00,0,37,1,,,4,,39,5.8,3,3,37,0,1,0,1,23,12,23.2,2.8,4,4,3,1,2,2,8,3,4,8,10,6,4,6,12,10,1,35,36,37,38,39,40,41,42,43,44,45,46,7.8,4.4,8.0,2.0,zt62io3i,,,200.00000,,,,,5000.00,,1,
P5,ui2o6507,,121/121 pages,MLG_survey,1,Payment_info,Playing,10.5.200.32,2016-08-09 22:04:59.226294+00:00,0,39,1,,,2,,41,4.8,2,8,39,0,1,0,1,23,12,23.2,2.8,4,4,3,1,2,2,8,3,4,8,10,6,4,6,12,10,1,35,36,37,38,39,40,41,42,43,44,45,46,7.8,4.4,8.0,2.0,zt62io3i,,,200.00000,,,,,5000.00,,1,
P2,pcf7gm29,,121/121 pages,MLG_survey,1,Payment_info,Playing,10.186.213.164,2016-08-09 22:10:35.221718+00:00,0,36,1,,,3,,38,4.8,2,8,36,0,1,0,1,23,12,23.2,2.8,4,4,3,1,2,2,8,3,4,8,10,6,4,6,12,10,1,35,36,37,38,39,40,41,42,43,44,45,46,7.8,4.4,8.0,2.0,zt62io3i,,,200.00000,,,,,5000.00,,1,
P9,6rza2p22,,121/121 pages,MLG_survey,1,Payment_info,Playing,10.142.28.175,2016-08-09 22:05:46.014145+00:00,0,43,1,,,3,,45,5.4,4,6,43,0,0,1,2,24,16,21.6,1.4,4,4,3,1,2,2,8,3,4,8,10,6,4,6,12,10,1,35,36,37,38,39,40,41,42,43,44,45,46,7.8,4.4,8.0,2.0,zt62io3i,,,200.00000,,,,,5000.00,,1,
P6,xz57rkvf,,121/121 pages,MLG_survey,1,Payment_info,Playing,10.81.228.101,2016-08-09 22:04:25.655661+00:00,0,40,1,,,4,,42,4.7,4,10,40,1,0,0,3,22,18,20.8,0.7,4,4,3,1,2,2,8,3,4,8,10,6,4,6,12,10,1,35,36,37,38,39,40,41,42,43,44,45,46,7.8,4.4,8.0,2.0,zt62io3i,,,200.00000,,,,,5000.00,,1,
P11,52oux9ov,,121/121 pages,MLG_survey,1,Payment_info,Playing,10.51.193.29,2016-08-09 22:04:58.893949+00:00,0,45,1,,,2,,47,4.7,4,10,45,1,0,0,3,22,18,20.8,0.7,4,4,3,1,2,2,8,3,4,8,10,6,4,6,12,10,1,35,36,37,38,39,40,41,42,43,44,45,46,7.8,4.4,8.0,2.0,zt62io3i,,,200.00000,,,,,5000.00,,1,
P12,aavgcaym,,121/121 pages,MLG_survey,1,Payment_info,Playing,10.51.167.27,2016-08-09 22:04:48.957997+00:00,0,46,1,,,1,,48,7.8,5,1,46,0,1,0,1,23,12,23.2,2.8,4,4,3,1,2,2,8,3,4,8,10,6,4,6,12,10,1,35,36,37,38,39,40,41,42,43,44,45,46,7.8,4.4,8.0,2.0,zt62io3i,,,200.00000,,,,,5000.00,,1,
P7,6ka3vdrx,,121/121 pages,MLG_survey,1,Payment_info,Playing,10.158.172.100,2016-08-09 22:06:15.709595+00:00,0,41,1,,,2,,43,5.4,4,6,41,0,0,1,2,24,16,21.6,1.4,4,4,3,1,2,2,8,3,4,8,10,6,4,6,12,10,1,35,36,37,38,39,40,41,42,43,44,45,46,7.8,4.4,8.0,2.0,zt62io3i,,,200.00000,,,,,5000.00,,1,
P10,0rblqk8z,,121/121 pages,MLG_survey,1,Payment_info,Playing,10.93.189.130,2016-08-09 22:05:09.983129+00:00,0,44,1,,,1,,46,4.4,3,12,44,0,0,1,2,24,16,21.6,1.4,4,4,3,1,2,2,8,3,4,8,10,6,4,6,12,10,1,35,36,37,38,39,40,41,42,43,44,45,46,7.8,4.4,8.0,2.0,zt62io3i,,,200.00000,,,,,5000.00,,1,
P4,gjn6gq0v,,121/121 pages,MLG_survey,1,Payment_info,Playing,10.170.178.66,2016-08-09 22:05:30.571238+00:00,0,38,1,,,3,,40,5.7,5,4,38,1,0,0,3,22,18,20.8,0.7,4,4,3,1,2,2,8,3,4,8,10,6,4,6,12,10,1,35,36,37,38,39,40,41,42,43,44,45,46,7.8,4.4,8.0,2.0,zt62io3i,,,200.00000,,,,,5000.00,,1,
P1,39l6xjub,,121/121 pages,MLG_survey,1,Payment_info,Playing,10.61.152.141,2016-08-09 22:06:54.257638+00:00,0,35,1,,,4,,37,6.4,5,2,35,0,0,1,2,24,16,21.6,1.4,4,4,3,1,2,2,8,3,4,8,10,6,4,6,12,10,1,35,36,37,38,39,40,41,42,43,44,45,46,7.8,4.4,8.0,2.0,zt62io3i,,,200.00000,,,,,5000.00,,1,
P8,3w4yh997,,121/121 pages,MLG_survey,1,Payment_info,Playing,10.13.217.57,2016-08-09 22:06:06.530302+00:00,0,42,1,,,1,,44,5.7,5,4,42,1,0,0,3,22,18,20.8,0.7,4,4,3,1,2,2,8,3,4,8,10,6,4,6,12,10,1,35,36,37,38,39,40,41,42,43,44,45,46,7.8,4.4,8.0,2.0,zt62io3i,,,200.00000,,,,,5000.00,,1,
P2,7s3nsihj,,121/121 pages,MLG_survey,1,Payment_info,Playing,10.184.171.93,2016-08-22 22:28:40.454912+00:00,0,116,1,,,3,,122,4.1,1,11,116,1,0,0,2,64,11,23.4,3.1,11,1,2,3,1,8,11,6,6,1,9,3,2,10,3,5,12,115,116,117,118,119,120,121,122,123,124,125,126,8.1,4.0,12.0,3.0,m7yiq95t,,,200.00000,,,,,5000.00,,1,
P5,doui53it,,121/121 pages,MLG_survey,1,Payment_info,Playing,10.111.201.32,2016-08-22 22:29:19.633131+00:00,0,119,1,,,2,,125,8.1,5,1,119,1,0,0,2,64,11,23.4,3.1,11,1,2,3,1,8,11,6,6,1,9,3,2,10,3,5,12,115,116,117,118,119,120,121,122,123,124,125,126,8.1,4.0,12.0,3.0,m7yiq95t,,,200.00000,,,,,5000.00,,1,
P7,f5j0x68s,,121/121 pages,MLG_survey,1,Payment_info,Playing,10.141.33.163,2016-08-22 22:28:37.829446+00:00,0,121,1,,,4,,127,6.2,2,3,121,0,0,1,1,66,8,24.8,4.2,11,1,2,3,1,8,11,6,6,1,9,3,2,10,3,5,12,115,116,117,118,119,120,121,122,123,124,125,126,8.1,4.0,12.0,3.0,m7yiq95t,,,200.00000,,,,,5000.00,,1,
P1,ut05vfix,,121/121 pages,MLG_survey,1,Payment_info,Playing,10.237.244.41,2016-08-22 22:28:31.035820+00:00,0,115,1,,,3,,121,5.2,1,8,115,0,0,1,1,66,8,24.8,4.2,11,1,2,3,1,8,11,6,6,1,9,3,2,10,3,5,12,115,116,117,118,119,120,121,122,123,124,125,126,8.1,4.0,12.0,3.0,m7yiq95t,,,200.00000,,,,,5000.00,,1,
P3,c7noh4z6,,121/121 pages,MLG_survey,1,Payment_info,Playing,10.13.200.15,2016-08-22 22:28:53.833365+00:00,0,117,1,,,1,,123,6.0,5,6,117,0,1,0,3,65,17,21.0,1,11,1,2,3,1,8,11,6,6,1,9,3,2,10,3,5,12,115,116,117,118,119,120,121,122,123,124,125,126,8.1,4.0,12.0,3.0,m7yiq95t,,,200.00000,,,,,5000.00,,1,
P4,3k9j4xgn,,121/121 pages,MLG_survey,1,Payment_info,Playing,10.138.145.240,2016-08-22 22:29:08.183207+00:00,0,118,1,,,4,,124,6.0,5,6,118,0,1,0,3,65,17,21.0,1,11,1,2,3,1,8,11,6,6,1,9,3,2,10,3,5,12,115,116,117,118,119,120,121,122,123,124,125,126,8.1,4.0,12.0,3.0,m7yiq95t,,,200.00000,,,,,5000.00,,1,
P12,s9vmyr55,,121/121 pages,MLG_survey,1,Payment_info,Playing,10.179.236.35,2016-08-24 19:23:22.130324+00:00,0,170,1,,,4,,192,4.2,0,11,170,0,0,1,1,96,8,24.8,4.2,16,1,2,3,1,1,4,7,2,8,4,2,9,10,6,12,11,159,160,161,162,163,164,165,166,167,168,169,170,9.2,2.4,12.0,7.0,0fpbzs3z,,,200.00000,,,,,5000.00,,1,
P8,ihne4spc,,121/121 pages,MLG_survey,1,Payment_info,Playing,10.184.171.93,2016-08-22 22:28:22.599381+00:00,0,122,1,,,2,,128,7.2,3,2,122,0,0,1,1,66,8,24.8,4.2,11,1,2,3,1,8,11,6,6,1,9,3,2,10,3,5,12,115,116,117,118,119,120,121,122,123,124,125,126,8.1,4.0,12.0,3.0,m7yiq95t,,,200.00000,,,,,5000.00,,1,
P10,ydsge81s,,121/121 pages,MLG_survey,1,Payment_info,Playing,10.33.196.195,2016-08-22 22:30:33.853887+00:00,0,124,1,,,1,,130,6.2,2,3,124,0,0,1,1,66,8,24.8,4.2,11,1,2,3,1,8,11,6,6,1,9,3,2,10,3,5,12,115,116,117,118,119,120,121,122,123,124,125,126,8.1,4.0,12.0,3.0,m7yiq95t,,,200.00000,,,,,5000.00,,1,
P6,skf3koob,,121/121 pages,MLG_survey,1,Payment_info,Playing,10.35.233.184,2016-08-22 22:29:38.557601+00:00,0,120,1,,,1,,126,5.1,2,9,120,1,0,0,2,64,11,23.4,3.1,11,1,2,3,1,8,11,6,6,1,9,3,2,10,3,5,12,115,116,117,118,119,120,121,122,123,124,125,126,8.1,4.0,12.0,3.0,m7yiq95t,,,200.00000,,,,,5000.00,,1,
P9,mjdnctyz,,121/121 pages,MLG_survey,1,Payment_info,Playing,10.168.218.13,2016-08-24 19:25:33.904216+00:00,0,167,1,,,4,,189,4.8,1,10,167,1,0,0,2,94,9,24.2,3.8,16,1,2,3,1,1,4,7,2,8,4,2,9,10,6,12,11,159,160,161,162,163,164,165,166,167,168,169,170,9.2,2.4,12.0,7.0,0fpbzs3z,,,200.00000,,,,,5000.00,,1,
P11,enoytqa1,,121/121 pages,MLG_survey,1,Payment_info,Playing,10.184.171.93,2016-08-22 22:30:29.823319+00:00,0,125,1,,,4,,131,6.1,3,5,125,1,0,0,2,64,11,23.4,3.1,11,1,2,3,1,8,11,6,6,1,9,3,2,10,3,5,12,115,116,117,118,119,120,121,122,123,124,125,126,8.1,4.0,12.0,3.0,m7yiq95t,,,200.00000,,,,,5000.00,,1,
P7,9ztf0gck,,121/121 pages,MLG_survey,1,Payment_info,Playing,10.51.167.27,2016-08-24 19:26:18.989753+00:00,0,165,1,,,2,,187,7.4,5,2,165,0,1,0,3,95,13,22.6,2.4,16,1,2,3,1,1,4,7,2,8,4,2,9,10,6,12,11,159,160,161,162,163,164,165,166,167,168,169,170,9.2,2.4,12.0,7.0,0fpbzs3z,,,200.00000,,,,,5000.00,,1,
P1,sjcpjyj5,,121/121 pages,MLG_survey,1,Payment_info,Playing,10.179.239.229,2016-08-24 19:22:20.332262+00:00,0,159,1,,,1,,181,9.2,5,1,159,0,0,1,1,96,8,24.8,4.2,16,1,2,3,1,1,4,7,2,8,4,2,9,10,6,12,11,159,160,161,162,163,164,165,166,167,168,169,170,9.2,2.4,12.0,7.0,0fpbzs3z,,,200.00000,,,,,5000.00,,1,
P5,aqz8kpeg,,121/121 pages,MLG_survey,1,Payment_info,Playing,10.170.144.135,2016-08-24 19:22:26.031067+00:00,0,163,1,,,1,,185,5.4,3,8,163,0,1,0,3,95,13,22.6,2.4,16,1,2,3,1,1,4,7,2,8,4,2,9,10,6,12,11,159,160,161,162,163,164,165,166,167,168,169,170,9.2,2.4,12.0,7.0,0fpbzs3z,,,200.00000,,,,,5000.00,,1,
P6,92slnsbb,,121/121 pages,MLG_survey,1,Payment_info,Playing,10.93.189.130,2016-08-24 19:22:48.197065+00:00,0,164,1,,,2,,186,6.8,3,4,164,1,0,0,2,94,9,24.2,3.8,16,1,2,3,1,1,4,7,2,8,4,2,9,10,6,12,11,159,160,161,162,163,164,165,166,167,168,169,170,9.2,2.4,12.0,7.0,0fpbzs3z,,,200.00000,,,,,5000.00,,1,
P11,jklv5j48,,121/121 pages,MLG_survey,1,Payment_info,Playing,10.142.28.175,2016-08-24 19:23:41.215015+00:00,0,169,1,,,4,,191,2.4,0,12,169,0,1,0,3,95,13,22.6,2.4,16,1,2,3,1,1,4,7,2,8,4,2,9,10,6,12,11,159,160,161,162,163,164,165,166,167,168,169,170,9.2,2.4,12.0,7.0,0fpbzs3z,,,200.00000,,,,,5000.00,,1,
P3,qorbl9h6,,121/121 pages,MLG_survey,1,Payment_info,Playing,10.170.178.66,2016-08-24 19:23:00.624743+00:00,0,161,1,,,1,,183,5.8,2,7,161,1,0,0,2,94,9,24.2,3.8,16,1,2,3,1,1,4,7,2,8,4,2,9,10,6,12,11,159,160,161,162,163,164,165,166,167,168,169,170,9.2,2.4,12.0,7.0,0fpbzs3z,,,200.00000,,,,,5000.00,,1,
P10,cur8pcqa,,121/121 pages,MLG_survey,1,Payment_info,Playing,10.7.190.70,2016-08-24 19:24:49.518930+00:00,0,168,1,,,2,,190,6.2,2,6,168,0,0,1,1,96,8,24.8,4.2,16,1,2,3,1,1,4,7,2,8,4,2,9,10,6,12,11,159,160,161,162,163,164,165,166,167,168,169,170,9.2,2.4,12.0,7.0,0fpbzs3z,,,200.00000,,,,,5000.00,,1,
P4,1ws6fjdv,,121/121 pages,MLG_survey,1,Payment_info,Playing,10.13.200.15,2016-08-24 19:23:23.546293+00:00,0,162,1,,,3,,184,7.4,5,2,162,0,1,0,3,95,13,22.6,2.4,16,1,2,3,1,1,4,7,2,8,4,2,9,10,6,12,11,159,160,161,162,163,164,165,166,167,168,169,170,9.2,2.4,12.0,7.0,0fpbzs3z,,,200.00000,,,,,5000.00,,1,
P8,b3i274az,,121/121 pages,MLG_survey,1,Payment_info,Playing,10.180.37.142,2016-08-24 19:24:48.791579+00:00,0,166,1,,,3,,188,5.2,1,9,166,0,0,1,1,96,8,24.8,4.2,16,1,2,3,1,1,4,7,2,8,4,2,9,10,6,12,11,159,160,161,162,163,164,165,166,167,168,169,170,9.2,2.4,12.0,7.0,0fpbzs3z,,,200.00000,,,,,5000.00,,1,
P2,9kvkd4i6,,121/121 pages,MLG_survey,1,Payment_info,Playing,10.178.230.6,2016-08-24 19:22:41.174258+00:00,0,160,1,,,3,,182,6.8,3,4,160,1,0,0,2,94,9,24.2,3.8,16,1,2,3,1,1,4,7,2,8,4,2,9,10,6,12,11,159,160,161,162,163,164,165,166,167,168,169,170,9.2,2.4,12.0,7.0,0fpbzs3z,,,200.00000,,,,,5000.00,,1,
P6,skf3koob,,121/121 pages,MLG_survey,1,Payment_info,Playing,10.35.233.184,2016-08-22 22:29:38.557601+00:00,0,120,1,,,1,,138,7.1,5,3,120,1,0,0,2,70,14,22.4,2.1,12,2,2,2,1,11,8,5,5,5,3,1,4,8,1,12,8,115,116,117,118,119,120,121,122,123,124,125,126,7.2,4.1,12.0,6.0,m7yiq95t,,,200.00000,,,,,5000.00,,1,
P1,sjcpjyj5,,121/121 pages,MLG_survey,1,Payment_info,Playing,10.179.239.229,2016-08-24 19:22:20.332262+00:00,0,159,1,,,1,,193,7.4,5,2,159,0,0,1,2,102,13,22.6,2.4,17,2,1,3,2,2,3,9,5,12,1,5,11,9,4,5,8,159,160,161,162,163,164,165,166,167,168,169,170,8.2,3.0,15.0,3.0,0fpbzs3z,,,200.00000,,,,,5000.00,,1,
P9,frno2noq,,121/121 pages,MLG_survey,1,Payment_info,Playing,10.142.28.175,2016-08-22 22:30:18.753979+00:00,0,123,1,,,2,,153,4.3,4,11,123,0,1,0,3,77,19,20.2,0.3,13,3,2,3,1,12,10,7,7,1,5,3,2,11,3,5,7,115,116,117,118,119,120,121,122,123,124,125,126,7.4,4.1,9.0,1,m7yiq95t,,,200.00000,,,,,5000.00,,1,
P7,f5j0x68s,,121/121 pages,MLG_survey,1,Payment_info,Playing,10.141.33.163,2016-08-22 22:28:37.829446+00:00,0,121,1,,,4,,139,7.2,3,1,121,0,0,1,1,72,8,24.8,4.2,12,2,2,2,1,11,8,5,5,5,3,1,4,8,1,12,8,115,116,117,118,119,120,121,122,123,124,125,126,7.2,4.1,12.0,6.0,m7yiq95t,,,200.00000,,,,,5000.00,,1,
P2,7s3nsihj,,121/121 pages,MLG_survey,1,Payment_info,Playing,10.184.171.93,2016-08-22 22:28:40.454912+00:00,0,116,1,,,3,,134,5.1,3,8,116,1,0,0,2,70,14,22.4,2.1,12,2,2,2,1,11,8,5,5,5,3,1,4,8,1,12,8,115,116,117,118,119,120,121,122,123,124,125,126,7.2,4.1,12.0,6.0,m7yiq95t,,,200.00000,,,,,5000.00,,1,
P2,9kvkd4i6,,121/121 pages,MLG_survey,1,Payment_info,Playing,10.178.230.6,2016-08-24 19:22:41.174258+00:00,0,160,1,,,3,,194,7.2,2,3,160,1,0,0,1,100,5,25.8,5.2,17,2,1,3,2,2,3,9,5,12,1,5,11,9,4,5,8,159,160,161,162,163,164,165,166,167,168,169,170,8.2,3.0,15.0,3.0,0fpbzs3z,,,200.00000,,,,,5000.00,,1,
P7,9ztf0gck,,121/121 pages,MLG_survey,1,Payment_info,Playing,10.51.167.27,2016-08-24 19:26:18.989753+00:00,0,165,1,,,2,,199,6.0,5,5,165,0,1,0,3,101,17,21.0,1,17,2,1,3,2,2,3,9,5,12,1,5,11,9,4,5,8,159,160,161,162,163,164,165,166,167,168,169,170,8.2,3.0,15.0,3.0,0fpbzs3z,,,200.00000,,,,,5000.00,,1,
P9,mjdnctyz,,121/121 pages,MLG_survey,1,Payment_info,Playing,10.168.218.13,2016-08-24 19:25:33.904216+00:00,0,167,1,,,4,,201,5.2,0,9,167,1,0,0,1,100,5,25.8,5.2,17,2,1,3,2,2,3,9,5,12,1,5,11,9,4,5,8,159,160,161,162,163,164,165,166,167,168,169,170,8.2,3.0,15.0,3.0,0fpbzs3z,,,200.00000,,,,,5000.00,,1,
P4,1ws6fjdv,,121/121 pages,MLG_survey,1,Payment_info,Playing,10.13.200.15,2016-08-24 19:23:23.546293+00:00,0,162,1,,,3,,196,6.0,5,5,162,0,1,0,3,101,17,21.0,1,17,2,1,3,2,2,3,9,5,12,1,5,11,9,4,5,8,159,160,161,162,163,164,165,166,167,168,169,170,8.2,3.0,15.0,3.0,0fpbzs3z,,,200.00000,,,,,5000.00,,1,
P11,enoytqa1,,121/121 pages,MLG_survey,1,Payment_info,Playing,10.184.171.93,2016-08-22 22:30:29.823319+00:00,0,125,1,,,4,,143,4.1,2,12,125,1,0,0,2,70,14,22.4,2.1,12,2,2,2,1,11,8,5,5,5,3,1,4,8,1,12,8,115,116,117,118,119,120,121,122,123,124,125,126,7.2,4.1,12.0,6.0,m7yiq95t,,,200.00000,,,,,5000.00,,1,
P1,ut05vfix,,121/121 pages,MLG_survey,1,Payment_info,Playing,10.237.244.41,2016-08-22 22:28:31.035820+00:00,0,115,1,,,3,,133,4.2,0,11,115,0,0,1,1,72,8,24.8,4.2,12,2,2,2,1,11,8,5,5,5,3,1,4,8,1,12,8,115,116,117,118,119,120,121,122,123,124,125,126,7.2,4.1,12.0,6.0,m7yiq95t,,,200.00000,,,,,5000.00,,1,
P12,t9kl2n8x,,121/121 pages,MLG_survey,1,Payment_info,Playing,10.13.220.50,2016-08-22 22:30:17.425605+00:00,0,126,1,,,3,,144,5.1,3,8,126,0,1,0,2,71,14,22.4,2.1,12,2,2,2,1,11,8,5,5,5,3,1,4,8,1,12,8,115,116,117,118,119,120,121,122,123,124,125,126,7.2,4.1,12.0,6.0,m7yiq95t,,,200.00000,,,,,5000.00,,1,
P8,3w4yh997,,121/121 pages,MLG_survey,1,Payment_info,Playing,10.13.217.57,2016-08-09 22:06:06.530302+00:00,0,42,1,,,1,,56,8.1,5,1,42,1,0,0,1,28,11,23.4,3.1,5,5,1,2,3,4,11,7,12,6,1,10,1,8,4,9,3,35,36,37,38,39,40,41,42,43,44,45,46,8.1,3.1,9.0,5.0,zt62io3i,,,200.00000,,,,,5000.00,,1,
P4,gjn6gq0v,,121/121 pages,MLG_survey,1,Payment_info,Playing,10.170.178.66,2016-08-09 22:05:30.571238+00:00,0,38,1,,,3,,52,3.1,0,12,38,1,0,0,1,28,11,23.4,3.1,5,5,1,2,3,4,11,7,12,6,1,10,1,8,4,9,3,35,36,37,38,39,40,41,42,43,44,45,46,8.1,3.1,9.0,5.0,zt62io3i,,,200.00000,,,,,5000.00,,1,
P3,nlbztv8j,,121/121 pages,MLG_survey,1,Payment_info,Playing,10.237.244.41,2016-08-09 22:06:01.585342+00:00,0,37,1,,,4,,51,5.4,3,7,37,0,1,0,2,29,13,22.6,2.4,5,5,1,2,3,4,11,7,12,6,1,10,1,8,4,9,3,35,36,37,38,39,40,41,42,43,44,45,46,8.1,3.1,9.0,5.0,zt62io3i,,,200.00000,,,,,5000.00,,1,
P6,xz57rkvf,,121/121 pages,MLG_survey,1,Payment_info,Playing,10.81.228.101,2016-08-09 22:04:25.655661+00:00,0,40,1,,,4,,54,8.1,5,1,40,1,0,0,1,28,11,23.4,3.1,5,5,1,2,3,4,11,7,12,6,1,10,1,8,4,9,3,35,36,37,38,39,40,41,42,43,44,45,46,8.1,3.1,9.0,5.0,zt62io3i,,,200.00000,,,,,5000.00,,1,
P2,pcf7gm29,,121/121 pages,MLG_survey,1,Payment_info,Playing,10.186.213.164,2016-08-09 22:10:35.221718+00:00,0,36,1,,,3,,50,3.4,1,11,36,0,1,0,2,29,13,22.6,2.4,5,5,1,2,3,4,11,7,12,6,1,10,1,8,4,9,3,35,36,37,38,39,40,41,42,43,44,45,46,8.1,3.1,9.0,5.0,zt62io3i,,,200.00000,,,,,5000.00,,1,
P12,aavgcaym,,121/121 pages,MLG_survey,1,Payment_info,Playing,10.51.167.27,2016-08-09 22:04:48.957997+00:00,0,46,1,,,1,,60,7.4,5,3,46,0,1,0,2,29,13,22.6,2.4,5,5,1,2,3,4,11,7,12,6,1,10,1,8,4,9,3,35,36,37,38,39,40,41,42,43,44,45,46,8.1,3.1,9.0,5.0,zt62io3i,,,200.00000,,,,,5000.00,,1,
P1,39l6xjub,,121/121 pages,MLG_survey,1,Payment_info,Playing,10.61.152.141,2016-08-09 22:06:54.257638+00:00,0,35,1,,,4,,49,6.7,5,4,35,0,0,1,3,30,15,21.8,1.7,5,5,1,2,3,4,11,7,12,6,1,10,1,8,4,9,3,35,36,37,38,39,40,41,42,43,44,45,46,8.1,3.1,9.0,5.0,zt62io3i,,,200.00000,,,,,5000.00,,1,
P9,6rza2p22,,121/121 pages,MLG_survey,1,Payment_info,Playing,10.142.28.175,2016-08-09 22:05:46.014145+00:00,0,43,1,,,3,,57,4.7,3,8,43,0,0,1,3,30,15,21.8,1.7,5,5,1,2,3,4,11,7,12,6,1,10,1,8,4,9,3,35,36,37,38,39,40,41,42,43,44,45,46,8.1,3.1,9.0,5.0,zt62io3i,,,200.00000,,,,,5000.00,,1,
P5,ui2o6507,,121/121 pages,MLG_survey,1,Payment_info,Playing,10.5.200.32,2016-08-09 22:04:59.226294+00:00,0,39,1,,,2,,53,6.4,4,6,39,0,1,0,2,29,13,22.6,2.4,5,5,1,2,3,4,11,7,12,6,1,10,1,8,4,9,3,35,36,37,38,39,40,41,42,43,44,45,46,8.1,3.1,9.0,5.0,zt62io3i,,,200.00000,,,,,5000.00,,1,
P10,0rblqk8z,,121/121 pages,MLG_survey,1,Payment_info,Playing,10.93.189.130,2016-08-09 22:05:09.983129+00:00,0,44,1,,,1,,58,6.7,5,4,44,0,0,1,3,30,15,21.8,1.7,5,5,1,2,3,4,11,7,12,6,1,10,1,8,4,9,3,35,36,37,38,39,40,41,42,43,44,45,46,8.1,3.1,9.0,5.0,zt62io3i,,,200.00000,,,,,5000.00,,1,
P11,52oux9ov,,121/121 pages,MLG_survey,1,Payment_info,Playing,10.51.193.29,2016-08-09 22:04:58.893949+00:00,0,45,1,,,2,,59,4.1,1,9,45,1,0,0,1,28,11,23.4,3.1,5,5,1,2,3,4,11,7,12,6,1,10,1,8,4,9,3,35,36,37,38,39,40,41,42,43,44,45,46,8.1,3.1,9.0,5.0,zt62io3i,,,200.00000,,,,,5000.00,,1,
P7,6ka3vdrx,,121/121 pages,MLG_survey,1,Payment_info,Playing,10.158.172.100,2016-08-09 22:06:15.709595+00:00,0,41,1,,,2,,55,3.7,2,10,41,0,0,1,3,30,15,21.8,1.7,5,5,1,2,3,4,11,7,12,6,1,10,1,8,4,9,3,35,36,37,38,39,40,41,42,43,44,45,46,8.1,3.1,9.0,5.0,zt62io3i,,,200.00000,,,,,5000.00,,1,
P5,doui53it,,121/121 pages,MLG_survey,1,Payment_info,Playing,10.111.201.32,2016-08-22 22:29:19.633131+00:00,0,119,1,,,2,,137,6.1,4,5,119,1,0,0,2,70,14,22.4,2.1,12,2,2,2,1,11,8,5,5,5,3,1,4,8,1,12,8,115,116,117,118,119,120,121,122,123,124,125,126,7.2,4.1,12.0,6.0,m7yiq95t,,,200.00000,,,,,5000.00,,1,
P4,3k9j4xgn,,121/121 pages,MLG_survey,1,Payment_info,Playing,10.138.145.240,2016-08-22 22:29:08.183207+00:00,0,118,1,,,4,,136,6.1,4,5,118,0,1,0,2,71,14,22.4,2.1,12,2,2,2,1,11,8,5,5,5,3,1,4,8,1,12,8,115,116,117,118,119,120,121,122,123,124,125,126,7.2,4.1,12.0,6.0,m7yiq95t,,,200.00000,,,,,5000.00,,1,
P6,skf3koob,,121/121 pages,MLG_survey,1,Payment_info,Playing,10.35.233.184,2016-08-22 22:29:38.557601+00:00,0,120,1,,,1,,150,5.4,3,5,120,1,0,0,2,76,13,22.6,2.4,13,3,2,3,1,12,10,7,7,1,5,3,2,11,3,5,7,115,116,117,118,119,120,121,122,123,124,125,126,7.4,4.1,9.0,1,m7yiq95t,,,200.00000,,,,,5000.00,,1,
P3,qorbl9h6,,121/121 pages,MLG_survey,1,Payment_info,Playing,10.170.178.66,2016-08-24 19:23:00.624743+00:00,0,161,1,,,1,,195,5.2,0,9,161,1,0,0,1,100,5,25.8,5.2,17,2,1,3,2,2,3,9,5,12,1,5,11,9,4,5,8,159,160,161,162,163,164,165,166,167,168,169,170,8.2,3.0,15.0,3.0,0fpbzs3z,,,200.00000,,,,,5000.00,,1,
P9,9o9clpsq,,121/121 pages,MLG_survey,1,Payment_info,Playing,10.180.37.142,2016-08-22 17:38:18.596573+00:00,0,99,1,,,2,,105,4.0,3,11,99,0,0,1,2,54,17,21.0,1,9,4,1,2,2,8,10,7,11,1,8,3,2,11,3,3,3,91,92,93,94,95,96,97,98,99,100,101,102,9.2,4.0,12.0,3.0,2t6cux37,,,200.00000,,,,,5000.00,,1,
P10,bkdkazck,,121/121 pages,MLG_survey,1,Payment_info,Playing,10.152.73.88,2016-08-22 17:38:06.930981+00:00,0,100,1,,,3,,106,6.0,5,3,100,0,0,1,2,54,17,21.0,1,9,4,1,2,2,8,10,7,11,1,8,3,2,11,3,3,3,91,92,93,94,95,96,97,98,99,100,101,102,9.2,4.0,12.0,3.0,2t6cux37,,,200.00000,,,,,5000.00,,1,
P3,l739scml,,121/121 pages,MLG_survey,1,Payment_info,Playing,10.65.93.238,2016-08-22 17:39:16.840737+00:00,0,93,1,,,2,,99,5.2,1,7,93,1,0,0,1,52,8,24.8,4.2,9,4,1,2,2,8,10,7,11,1,8,3,2,11,3,3,3,91,92,93,94,95,96,97,98,99,100,101,102,9.2,4.0,12.0,3.0,2t6cux37,,,200.00000,,,,,5000.00,,1,
P2,24wb7l7g,,121/121 pages,MLG_survey,1,Payment_info,Playing,10.37.199.190,2016-08-22 17:38:46.764842+00:00,0,92,1,,,3,,98,4.2,0,10,92,1,0,0,1,52,8,24.8,4.2,9,4,1,2,2,8,10,7,11,1,8,3,2,11,3,3,3,91,92,93,94,95,96,97,98,99,100,101,102,9.2,4.0,12.0,3.0,2t6cux37,,,200.00000,,,,,5000.00,,1,
P5,ee6dngxr,,121/121 pages,MLG_survey,1,Payment_info,Playing,10.93.189.130,2016-08-22 17:39:05.178238+00:00,0,95,1,,,4,,101,9.2,5,1,95,1,0,0,1,52,8,24.8,4.2,9,4,1,2,2,8,10,7,11,1,8,3,2,11,3,3,3,91,92,93,94,95,96,97,98,99,100,101,102,9.2,4.0,12.0,3.0,2t6cux37,,,200.00000,,,,,5000.00,,1,
P8,mihn323q,,121/121 pages,MLG_survey,1,Payment_info,Playing,10.63.227.88,2016-08-22 17:38:31.594973+00:00,0,98,1,,,1,,104,6.2,2,2,98,1,0,0,1,52,8,24.8,4.2,9,4,1,2,2,8,10,7,11,1,8,3,2,11,3,3,3,91,92,93,94,95,96,97,98,99,100,101,102,9.2,4.0,12.0,3.0,2t6cux37,,,200.00000,,,,,5000.00,,1,
P1,tpmnllyw,,121/121 pages,MLG_survey,1,Payment_info,Playing,10.170.185.250,2016-08-22 17:38:34.927355+00:00,0,91,1,,,1,,97,5.0,4,8,91,0,1,0,2,53,17,21.0,1,9,4,1,2,2,8,10,7,11,1,8,3,2,11,3,3,3,91,92,93,94,95,96,97,98,99,100,101,102,9.2,4.0,12.0,3.0,2t6cux37,,,200.00000,,,,,5000.00,,1,
P7,z6185o9m,,121/121 pages,MLG_survey,1,Payment_info,Playing,10.93.183.121,2016-08-22 17:38:42.115072+00:00,0,97,1,,,2,,103,6.0,5,3,97,0,1,0,2,53,17,21.0,1,9,4,1,2,2,8,10,7,11,1,8,3,2,11,3,3,3,91,92,93,94,95,96,97,98,99,100,101,102,9.2,4.0,12.0,3.0,2t6cux37,,,200.00000,,,,,5000.00,,1,
P6,2z3woarf,,121/121 pages,MLG_survey,1,Payment_info,Playing,10.179.98.230,2016-08-22 17:38:52.462263+00:00,0,96,1,,,4,,90,6.1,4,5,96,0,0,1,3,48,14,22.4,2.1,8,3,1,2,3,3,11,9,8,1,5,12,3,10,5,2,5,91,92,93,94,95,96,97,98,99,100,101,102,8.8,2.8,11.0,6.0,2t6cux37,,,200.00000,,,,,5000.00,,1,
P1,tpmnllyw,,121/121 pages,MLG_survey,1,Payment_info,Playing,10.170.185.250,2016-08-22 17:38:34.927355+00:00,0,91,1,,,1,,85,6.8,4,3,91,0,1,0,2,47,12,23.2,2.8,8,3,1,2,3,3,11,9,8,1,5,12,3,10,5,2,5,91,92,93,94,95,96,97,98,99,100,101,102,8.8,2.8,11.0,6.0,2t6cux37,,,200.00000,,,,,5000.00,,1,
P9,9o9clpsq,,121/121 pages,MLG_survey,1,Payment_info,Playing,10.180.37.142,2016-08-22 17:38:18.596573+00:00,0,99,1,,,2,,93,4.1,2,10,99,0,0,1,3,48,14,22.4,2.1,8,3,1,2,3,3,11,9,8,1,5,12,3,10,5,2,5,91,92,93,94,95,96,97,98,99,100,101,102,8.8,2.8,11.0,6.0,2t6cux37,,,200.00000,,,,,5000.00,,1,
P12,0a2wbu80,,121/121 pages,MLG_survey,1,Payment_info,Playing,10.102.236.103,2016-08-22 17:37:41.508841+00:00,0,102,1,,,1,,96,6.1,4,5,102,0,0,1,3,48,14,22.4,2.1,8,3,1,2,3,3,11,9,8,1,5,12,3,10,5,2,5,91,92,93,94,95,96,97,98,99,100,101,102,8.8,2.8,11.0,6.0,2t6cux37,,,200.00000,,,,,5000.00,,1,
P5,ee6dngxr,,121/121 pages,MLG_survey,1,Payment_info,Playing,10.93.189.130,2016-08-22 17:39:05.178238+00:00,0,95,1,,,4,,89,8.8,5,1,95,1,0,0,1,46,9,24.2,3.8,8,3,1,2,3,3,11,9,8,1,5,12,3,10,5,2,5,91,92,93,94,95,96,97,98,99,100,101,102,8.8,2.8,11.0,6.0,2t6cux37,,,200.00000,,,,,5000.00,,1,
P8,mihn323q,,121/121 pages,MLG_survey,1,Payment_info,Playing,10.63.227.88,2016-08-22 17:38:31.594973+00:00,0,98,1,,,1,,92,6.8,3,3,98,1,0,0,1,46,9,24.2,3.8,8,3,1,2,3,3,11,9,8,1,5,12,3,10,5,2,5,91,92,93,94,95,96,97,98,99,100,101,102,8.8,2.8,11.0,6.0,2t6cux37,,,200.00000,,,,,5000.00,,1,
P3,l739scml,,121/121 pages,MLG_survey,1,Payment_info,Playing,10.65.93.238,2016-08-22 17:39:16.840737+00:00,0,93,1,,,2,,87,4.8,1,9,93,1,0,0,1,46,9,24.2,3.8,8,3,1,2,3,3,11,9,8,1,5,12,3,10,5,2,5,91,92,93,94,95,96,97,98,99,100,101,102,8.8,2.8,11.0,6.0,2t6cux37,,,200.00000,,,,,5000.00,,1,
P7,z6185o9m,,121/121 pages,MLG_survey,1,Payment_info,Playing,10.93.183.121,2016-08-22 17:38:42.115072+00:00,0,97,1,,,2,,91,2.8,0,12,97,0,1,0,2,47,12,23.2,2.8,8,3,1,2,3,3,11,9,8,1,5,12,3,10,5,2,5,91,92,93,94,95,96,97,98,99,100,101,102,8.8,2.8,11.0,6.0,2t6cux37,,,200.00000,,,,,5000.00,,1,
P11,w8txiz3u,,121/121 pages,MLG_survey,1,Payment_info,Playing,10.111.206.121,2016-08-22 17:37:54.880974+00:00,0,101,1,,,3,,95,7.8,5,2,101,0,1,0,2,47,12,23.2,2.8,8,3,1,2,3,3,11,9,8,1,5,12,3,10,5,2,5,91,92,93,94,95,96,97,98,99,100,101,102,8.8,2.8,11.0,6.0,2t6cux37,,,200.00000,,,,,5000.00,,1,
P2,24wb7l7g,,121/121 pages,MLG_survey,1,Payment_info,Playing,10.37.199.190,2016-08-22 17:38:46.764842+00:00,0,92,1,,,3,,86,3.8,0,11,92,1,0,0,1,46,9,24.2,3.8,8,3,1,2,3,3,11,9,8,1,5,12,3,10,5,2,5,91,92,93,94,95,96,97,98,99,100,101,102,8.8,2.8,11.0,6.0,2t6cux37,,,200.00000,,,,,5000.00,,1,
P4,ngpbmulp,,121/121 pages,MLG_survey,1,Payment_info,Playing,10.95.237.20,2016-08-22 17:39:17.156757+00:00,0,94,1,,,4,,88,5.8,3,8,94,0,1,0,2,47,12,23.2,2.8,8,3,1,2,3,3,11,9,8,1,5,12,3,10,5,2,5,91,92,93,94,95,96,97,98,99,100,101,102,8.8,2.8,11.0,6.0,2t6cux37,,,200.00000,,,,,5000.00,,1,
P10,bkdkazck,,121/121 pages,MLG_survey,1,Payment_info,Playing,10.152.73.88,2016-08-22 17:38:06.930981+00:00,0,100,1,,,3,,94,6.1,4,5,100,0,0,1,3,48,14,22.4,2.1,8,3,1,2,3,3,11,9,8,1,5,12,3,10,5,2,5,91,92,93,94,95,96,97,98,99,100,101,102,8.8,2.8,11.0,6.0,2t6cux37,,,200.00000,,,,,5000.00,,1,
P11,w8txiz3u,,121/121 pages,MLG_survey,1,Payment_info,Playing,10.111.206.121,2016-08-22 17:37:54.880974+00:00,0,101,1,,,3,,107,6.0,5,3,101,0,1,0,2,53,17,21.0,1,9,4,1,2,2,8,10,7,11,1,8,3,2,11,3,3,3,91,92,93,94,95,96,97,98,99,100,101,102,9.2,4.0,12.0,3.0,2t6cux37,,,200.00000,,,,,5000.00,,1,
P6,2z3woarf,,121/121 pages,MLG_survey,1,Payment_info,Playing,10.179.98.230,2016-08-22 17:38:52.462263+00:00,0,96,1,,,4,,102,5.0,4,8,96,0,0,1,2,54,17,21.0,1,9,4,1,2,2,8,10,7,11,1,8,3,2,11,3,3,3,91,92,93,94,95,96,97,98,99,100,101,102,9.2,4.0,12.0,3.0,2t6cux37,,,200.00000,,,,,5000.00,,1,
P4,ngpbmulp,,121/121 pages,MLG_survey,1,Payment_info,Playing,10.95.237.20,2016-08-22 17:39:17.156757+00:00,0,94,1,,,4,,100,4.0,3,11,94,0,1,0,2,53,17,21.0,1,9,4,1,2,2,8,10,7,11,1,8,3,2,11,3,3,3,91,92,93,94,95,96,97,98,99,100,101,102,9.2,4.0,12.0,3.0,2t6cux37,,,200.00000,,,,,5000.00,,1,
P12,0a2wbu80,,121/121 pages,MLG_survey,1,Payment_info,Playing,10.102.236.103,2016-08-22 17:37:41.508841+00:00,0,102,1,,,1,,108,6.0,5,3,102,0,0,1,2,54,17,21.0,1,9,4,1,2,2,8,10,7,11,1,8,3,2,11,3,3,3,91,92,93,94,95,96,97,98,99,100,101,102,9.2,4.0,12.0,3.0,2t6cux37,,,200.00000,,,,,5000.00,,1,
P1,ut05vfix,,121/121 pages,MLG_survey,1,Payment_info,Playing,10.237.244.41,2016-08-22 22:28:31.035820+00:00,0,115,1,,,3,,145,4.1,1,12,115,0,0,1,1,78,11,23.4,3.1,13,3,2,3,1,12,10,7,7,1,5,3,2,11,3,5,7,115,116,117,118,119,120,121,122,123,124,125,126,7.4,4.1,9.0,1,m7yiq95t,,,200.00000,,,,,5000.00,,1,
P5,aqz8kpeg,,121/121 pages,MLG_survey,1,Payment_info,Playing,10.170.144.135,2016-08-24 19:22:26.031067+00:00,0,163,1,,,1,,197,3.0,2,12,163,0,1,0,3,101,17,21.0,1,17,2,1,3,2,2,3,9,5,12,1,5,11,9,4,5,8,159,160,161,162,163,164,165,166,167,168,169,170,8.2,3.0,15.0,3.0,0fpbzs3z,,,200.00000,,,,,5000.00,,1,
P7,f5j0x68s,,121/121 pages,MLG_survey,1,Payment_info,Playing,10.141.33.163,2016-08-22 22:28:37.829446+00:00,0,121,1,,,4,,151,6.1,3,3,121,0,0,1,1,78,11,23.4,3.1,13,3,2,3,1,12,10,7,7,1,5,3,2,11,3,5,7,115,116,117,118,119,120,121,122,123,124,125,126,7.4,4.1,9.0,1,m7yiq95t,,,200.00000,,,,,5000.00,,1,
P2,7s3nsihj,,121/121 pages,MLG_survey,1,Payment_info,Playing,10.184.171.93,2016-08-22 22:28:40.454912+00:00,0,116,1,,,3,,146,4.4,2,10,116,1,0,0,2,76,13,22.6,2.4,13,3,2,3,1,12,10,7,7,1,5,3,2,11,3,5,7,115,116,117,118,119,120,121,122,123,124,125,126,7.4,4.1,9.0,1,m7yiq95t,,,200.00000,,,,,5000.00,,1,
P8,ihne4spc,,121/121 pages,MLG_survey,1,Payment_info,Playing,10.184.171.93,2016-08-22 22:28:22.599381+00:00,0,122,1,,,2,,152,7.1,4,2,122,0,0,1,1,78,11,23.4,3.1,13,3,2,3,1,12,10,7,7,1,5,3,2,11,3,5,7,115,116,117,118,119,120,121,122,123,124,125,126,7.4,4.1,9.0,1,m7yiq95t,,,200.00000,,,,,5000.00,,1,
P5,doui53it,,121/121 pages,MLG_survey,1,Payment_info,Playing,10.111.201.32,2016-08-22 22:29:19.633131+00:00,0,119,1,,,2,,149,7.4,5,1,119,1,0,0,2,76,13,22.6,2.4,13,3,2,3,1,12,10,7,7,1,5,3,2,11,3,5,7,115,116,117,118,119,120,121,122,123,124,125,126,7.4,4.1,9.0,1,m7yiq95t,,,200.00000,,,,,5000.00,,1,
P12,t9kl2n8x,,121/121 pages,MLG_survey,1,Payment_info,Playing,10.13.220.50,2016-08-22 22:30:17.425605+00:00,0,126,1,,,3,,156,5.3,5,7,126,0,1,0,3,77,19,20.2,0.3,13,3,2,3,1,12,10,7,7,1,5,3,2,11,3,5,7,115,116,117,118,119,120,121,122,123,124,125,126,7.4,4.1,9.0,1,m7yiq95t,,,200.00000,,,,,5000.00,,1,
P10,ydsge81s,,121/121 pages,MLG_survey,1,Payment_info,Playing,10.33.196.195,2016-08-22 22:30:33.853887+00:00,0,124,1,,,1,,154,6.1,3,3,124,0,0,1,1,78,11,23.4,3.1,13,3,2,3,1,12,10,7,7,1,5,3,2,11,3,5,7,115,116,117,118,119,120,121,122,123,124,125,126,7.4,4.1,9.0,1,m7yiq95t,,,200.00000,,,,,5000.00,,1,
P11,jklv5j48,,121/121 pages,MLG_survey,1,Payment_info,Playing,10.142.28.175,2016-08-24 19:23:41.215015+00:00,0,169,1,,,4,,203,6.0,5,5,169,0,1,0,3,101,17,21.0,1,17,2,1,3,2,2,3,9,5,12,1,5,11,9,4,5,8,159,160,161,162,163,164,165,166,167,168,169,170,8.2,3.0,15.0,3.0,0fpbzs3z,,,200.00000,,,,,5000.00,,1,
P8,ihne4spc,,121/121 pages,MLG_survey,1,Payment_info,Playing,10.184.171.93,2016-08-22 22:28:22.599381+00:00,0,122,1,,,2,,140,6.2,2,4,122,0,0,1,1,72,8,24.8,4.2,12,2,2,2,1,11,8,5,5,5,3,1,4,8,1,12,8,115,116,117,118,119,120,121,122,123,124,125,126,7.2,4.1,12.0,6.0,m7yiq95t,,,200.00000,,,,,5000.00,,1,
P10,ydsge81s,,121/121 pages,MLG_survey,1,Payment_info,Playing,10.33.196.195,2016-08-22 22:30:33.853887+00:00,0,124,1,,,1,,142,7.2,3,1,124,0,0,1,1,72,8,24.8,4.2,12,2,2,2,1,11,8,5,5,5,3,1,4,8,1,12,8,115,116,117,118,119,120,121,122,123,124,125,126,7.2,4.1,12.0,6.0,m7yiq95t,,,200.00000,,,,,5000.00,,1,
P3,c7noh4z6,,121/121 pages,MLG_survey,1,Payment_info,Playing,10.13.200.15,2016-08-22 22:28:53.833365+00:00,0,117,1,,,1,,135,6.1,4,5,117,0,1,0,2,71,14,22.4,2.1,12,2,2,2,1,11,8,5,5,5,3,1,4,8,1,12,8,115,116,117,118,119,120,121,122,123,124,125,126,7.2,4.1,12.0,6.0,m7yiq95t,,,200.00000,,,,,5000.00,,1,
P9,frno2noq,,121/121 pages,MLG_survey,1,Payment_info,Playing,10.142.28.175,2016-08-22 22:30:18.753979+00:00,0,123,1,,,2,,141,5.1,3,8,123,0,1,0,2,71,14,22.4,2.1,12,2,2,2,1,11,8,5,5,5,3,1,4,8,1,12,8,115,116,117,118,119,120,121,122,123,124,125,126,7.2,4.1,12.0,6.0,m7yiq95t,,,200.00000,,,,,5000.00,,1,
P3,c7noh4z6,,121/121 pages,MLG_survey,1,Payment_info,Playing,10.13.200.15,2016-08-22 22:28:53.833365+00:00,0,117,1,,,1,,147,5.3,5,7,117,0,1,0,3,77,19,20.2,0.3,13,3,2,3,1,12,10,7,7,1,5,3,2,11,3,5,7,115,116,117,118,119,120,121,122,123,124,125,126,7.4,4.1,9.0,1,m7yiq95t,,,200.00000,,,,,5000.00,,1,
P6,92slnsbb,,121/121 pages,MLG_survey,1,Payment_info,Playing,10.93.189.130,2016-08-24 19:22:48.197065+00:00,0,164,1,,,2,,198,8.2,3,1,164,1,0,0,1,100,5,25.8,5.2,17,2,1,3,2,2,3,9,5,12,1,5,11,9,4,5,8,159,160,161,162,163,164,165,166,167,168,169,170,8.2,3.0,15.0,3.0,0fpbzs3z,,,200.00000,,,,,5000.00,,1,
P4,3k9j4xgn,,121/121 pages,MLG_survey,1,Payment_info,Playing,10.138.145.240,2016-08-22 22:29:08.183207+00:00,0,118,1,,,4,,148,5.3,5,7,118,0,1,0,3,77,19,20.2,0.3,13,3,2,3,1,12,10,7,7,1,5,3,2,11,3,5,7,115,116,117,118,119,120,121,122,123,124,125,126,7.4,4.1,9.0,1,m7yiq95t,,,200.00000,,,,,5000.00,,1,
P11,enoytqa1,,121/121 pages,MLG_survey,1,Payment_info,Playing,10.184.171.93,2016-08-22 22:30:29.823319+00:00,0,125,1,,,4,,155,5.4,3,5,125,1,0,0,2,76,13,22.6,2.4,13,3,2,3,1,12,10,7,7,1,5,3,2,11,3,5,7,115,116,117,118,119,120,121,122,123,124,125,126,7.4,4.1,9.0,1,m7yiq95t,,,200.00000,,,,,5000.00,,1,
P12,t9kl2n8x,,121/121 pages,MLG_survey,1,Payment_info,Playing,10.13.220.50,2016-08-22 22:30:17.425605+00:00,0,126,1,,,3,,180,5.7,5,5,126,0,1,0,3,89,18,20.8,0.7,15,5,2,3,1,1,3,5,5,3,8,9,1,12,9,11,5,115,116,117,118,119,120,121,122,123,124,125,126,6.4,3.7,4.0,2.0,m7yiq95t,,,200.00000,,,,,5000.00,,1,
P6,skf3koob,,121/121 pages,MLG_survey,1,Payment_info,Playing,10.35.233.184,2016-08-22 22:29:38.557601+00:00,0,120,1,,,1,,174,5.0,4,8,120,1,0,0,2,88,17,21.0,1,15,5,2,3,1,1,3,5,5,3,8,9,1,12,9,11,5,115,116,117,118,119,120,121,122,123,124,125,126,6.4,3.7,4.0,2.0,m7yiq95t,,,200.00000,,,,,5000.00,,1,
P3,c7noh4z6,,121/121 pages,MLG_survey,1,Payment_info,Playing,10.13.200.15,2016-08-22 22:28:53.833365+00:00,0,117,1,,,1,,171,5.7,5,5,117,0,1,0,3,89,18,20.8,0.7,15,5,2,3,1,1,3,5,5,3,8,9,1,12,9,11,5,115,116,117,118,119,120,121,122,123,124,125,126,6.4,3.7,4.0,2.0,m7yiq95t,,,200.00000,,,,,5000.00,,1,
P10,ydsge81s,,121/121 pages,MLG_survey,1,Payment_info,Playing,10.33.196.195,2016-08-22 22:30:33.853887+00:00,0,124,1,,,1,,178,4.4,3,9,124,0,0,1,1,90,16,21.6,1.4,15,5,2,3,1,1,3,5,5,3,8,9,1,12,9,11,5,115,116,117,118,119,120,121,122,123,124,125,126,6.4,3.7,4.0,2.0,m7yiq95t,,,200.00000,,,,,5000.00,,1,
P11,jklv5j48,,121/121 pages,MLG_survey,1,Payment_info,Playing,10.142.28.175,2016-08-24 19:23:41.215015+00:00,0,169,1,,,4,,215,4.0,3,11,169,0,1,0,3,107,17,21.0,1,18,3,1,3,2,2,7,10,5,9,7,5,12,1,2,11,2,159,160,161,162,163,164,165,166,167,168,169,170,8.5,2.4,10.0,3.0,0fpbzs3z,,,200.00000,,,,,5000.00,,1,
P9,mjdnctyz,,121/121 pages,MLG_survey,1,Payment_info,Playing,10.168.218.13,2016-08-24 19:25:33.904216+00:00,0,167,1,,,4,,213,8.5,5,1,167,1,0,0,1,106,10,24.0,3.5,18,3,1,3,2,2,7,10,5,9,7,5,12,1,2,11,2,159,160,161,162,163,164,165,166,167,168,169,170,8.5,2.4,10.0,3.0,0fpbzs3z,,,200.00000,,,,,5000.00,,1,
P8,b3i274az,,121/121 pages,MLG_survey,1,Payment_info,Playing,10.180.37.142,2016-08-24 19:24:48.791579+00:00,0,166,1,,,3,,212,2.4,1,12,166,0,0,1,2,108,16,21.6,1.4,18,3,1,3,2,2,7,10,5,9,7,5,12,1,2,11,2,159,160,161,162,163,164,165,166,167,168,169,170,8.5,2.4,10.0,3.0,0fpbzs3z,,,200.00000,,,,,5000.00,,1,
P3,qorbl9h6,,121/121 pages,MLG_survey,1,Payment_info,Playing,10.170.178.66,2016-08-24 19:23:00.624743+00:00,0,161,1,,,1,,207,4.5,1,10,161,1,0,0,1,106,10,24.0,3.5,18,3,1,3,2,2,7,10,5,9,7,5,12,1,2,11,2,159,160,161,162,163,164,165,166,167,168,169,170,8.5,2.4,10.0,3.0,0fpbzs3z,,,200.00000,,,,,5000.00,,1,
P12,s9vmyr55,,121/121 pages,MLG_survey,1,Payment_info,Playing,10.179.236.35,2016-08-24 19:23:22.130324+00:00,0,170,1,,,4,,216,6.4,5,2,170,0,0,1,2,108,16,21.6,1.4,18,3,1,3,2,2,7,10,5,9,7,5,12,1,2,11,2,159,160,161,162,163,164,165,166,167,168,169,170,8.5,2.4,10.0,3.0,0fpbzs3z,,,200.00000,,,,,5000.00,,1,
P7,9ztf0gck,,121/121 pages,MLG_survey,1,Payment_info,Playing,10.51.167.27,2016-08-24 19:26:18.989753+00:00,0,165,1,,,2,,211,6.0,5,5,165,0,1,0,3,107,17,21.0,1,18,3,1,3,2,2,7,10,5,9,7,5,12,1,2,11,2,159,160,161,162,163,164,165,166,167,168,169,170,8.5,2.4,10.0,3.0,0fpbzs3z,,,200.00000,,,,,5000.00,,1,
P1,sjcpjyj5,,121/121 pages,MLG_survey,1,Payment_info,Playing,10.179.239.229,2016-08-24 19:22:20.332262+00:00,0,159,1,,,1,,205,6.4,5,2,159,0,0,1,2,108,16,21.6,1.4,18,3,1,3,2,2,7,10,5,9,7,5,12,1,2,11,2,159,160,161,162,163,164,165,166,167,168,169,170,8.5,2.4,10.0,3.0,0fpbzs3z,,,200.00000,,,,,5000.00,,1,
P10,cur8pcqa,,121/121 pages,MLG_survey,1,Payment_info,Playing,10.7.190.70,2016-08-24 19:24:49.518930+00:00,0,168,1,,,2,,214,6.4,5,2,168,0,0,1,2,108,16,21.6,1.4,18,3,1,3,2,2,7,10,5,9,7,5,12,1,2,11,2,159,160,161,162,163,164,165,166,167,168,169,170,8.5,2.4,10.0,3.0,0fpbzs3z,,,200.00000,,,,,5000.00,,1,
P8,b3i274az,,121/121 pages,MLG_survey,1,Payment_info,Playing,10.180.37.142,2016-08-24 19:24:48.791579+00:00,0,166,1,,,3,,200,3.4,1,11,166,0,0,1,2,102,13,22.6,2.4,17,2,1,3,2,2,3,9,5,12,1,5,11,9,4,5,8,159,160,161,162,163,164,165,166,167,168,169,170,8.2,3.0,15.0,3.0,0fpbzs3z,,,200.00000,,,,,5000.00,,1,
P12,s9vmyr55,,121/121 pages,MLG_survey,1,Payment_info,Playing,10.179.236.35,2016-08-24 19:23:22.130324+00:00,0,170,1,,,4,,204,5.4,3,8,170,0,0,1,2,102,13,22.6,2.4,17,2,1,3,2,2,3,9,5,12,1,5,11,9,4,5,8,159,160,161,162,163,164,165,166,167,168,169,170,8.2,3.0,15.0,3.0,0fpbzs3z,,,200.00000,,,,,5000.00,,1,
P10,cur8pcqa,,121/121 pages,MLG_survey,1,Payment_info,Playing,10.7.190.70,2016-08-24 19:24:49.518930+00:00,0,168,1,,,2,,202,6.4,4,4,168,0,0,1,2,102,13,22.6,2.4,17,2,1,3,2,2,3,9,5,12,1,5,11,9,4,5,8,159,160,161,162,163,164,165,166,167,168,169,170,8.2,3.0,15.0,3.0,0fpbzs3z,,,200.00000,,,,,5000.00,,1,
P8,mihn323q,,121/121 pages,MLG_survey,1,Payment_info,Playing,10.63.227.88,2016-08-22 17:38:31.594973+00:00,0,98,1,,,1,,116,8.1,5,1,98,1,0,0,1,58,11,23.4,3.1,10,5,1,3,2,8,12,10,5,1,3,8,1,7,3,5,11,91,92,93,94,95,96,97,98,99,100,101,102,8.1,3.1,9.0,2.0,2t6cux37,,,200.00000,,,,,5000.00,,1,
P1,tpmnllyw,,121/121 pages,MLG_survey,1,Payment_info,Playing,10.170.185.250,2016-08-22 17:38:34.927355+00:00,0,91,1,,,1,,109,4.7,4,8,91,0,1,0,3,59,18,20.8,0.7,10,5,1,3,2,8,12,10,5,1,3,8,1,7,3,5,11,91,92,93,94,95,96,97,98,99,100,101,102,8.1,3.1,9.0,2.0,2t6cux37,,,200.00000,,,,,5000.00,,1,
P4,ngpbmulp,,121/121 pages,MLG_survey,1,Payment_info,Playing,10.95.237.20,2016-08-22 17:39:17.156757+00:00,0,94,1,,,4,,112,5.7,5,5,94,0,1,0,3,59,18,20.8,0.7,10,5,1,3,2,8,12,10,5,1,3,8,1,7,3,5,11,91,92,93,94,95,96,97,98,99,100,101,102,8.1,3.1,9.0,2.0,2t6cux37,,,200.00000,,,,,5000.00,,1,
P2,24wb7l7g,,121/121 pages,MLG_survey,1,Payment_info,Playing,10.37.199.190,2016-08-22 17:38:46.764842+00:00,0,92,1,,,3,,110,3.1,0,12,92,1,0,0,1,58,11,23.4,3.1,10,5,1,3,2,8,12,10,5,1,3,8,1,7,3,5,11,91,92,93,94,95,96,97,98,99,100,101,102,8.1,3.1,9.0,2.0,2t6cux37,,,200.00000,,,,,5000.00,,1,
P10,bkdkazck,,121/121 pages,MLG_survey,1,Payment_info,Playing,10.152.73.88,2016-08-22 17:38:06.930981+00:00,0,100,1,,,3,,118,6.0,5,3,100,0,0,1,2,60,17,21.0,1,10,5,1,3,2,8,12,10,5,1,3,8,1,7,3,5,11,91,92,93,94,95,96,97,98,99,100,101,102,8.1,3.1,9.0,2.0,2t6cux37,,,200.00000,,,,,5000.00,,1,
P6,2z3woarf,,121/121 pages,MLG_survey,1,Payment_info,Playing,10.179.98.230,2016-08-22 17:38:52.462263+00:00,0,96,1,,,4,,114,6.0,5,3,96,0,0,1,2,60,17,21.0,1,10,5,1,3,2,8,12,10,5,1,3,8,1,7,3,5,11,91,92,93,94,95,96,97,98,99,100,101,102,8.1,3.1,9.0,2.0,2t6cux37,,,200.00000,,,,,5000.00,,1,
P12,0a2wbu80,,121/121 pages,MLG_survey,1,Payment_info,Playing,10.102.236.103,2016-08-22 17:37:41.508841+00:00,0,102,1,,,1,,120,4.0,3,11,102,0,0,1,2,60,17,21.0,1,10,5,1,3,2,8,12,10,5,1,3,8,1,7,3,5,11,91,92,93,94,95,96,97,98,99,100,101,102,8.1,3.1,9.0,2.0,2t6cux37,,,200.00000,,,,,5000.00,,1,
P9,9o9clpsq,,121/121 pages,MLG_survey,1,Payment_info,Playing,10.180.37.142,2016-08-22 17:38:18.596573+00:00,0,99,1,,,2,,117,5.0,4,7,99,0,0,1,2,60,17,21.0,1,10,5,1,3,2,8,12,10,5,1,3,8,1,7,3,5,11,91,92,93,94,95,96,97,98,99,100,101,102,8.1,3.1,9.0,2.0,2t6cux37,,,200.00000,,,,,5000.00,,1,
P5,ee6dngxr,,121/121 pages,MLG_survey,1,Payment_info,Playing,10.93.189.130,2016-08-22 17:39:05.178238+00:00,0,95,1,,,4,,113,8.1,5,1,95,1,0,0,1,58,11,23.4,3.1,10,5,1,3,2,8,12,10,5,1,3,8,1,7,3,5,11,91,92,93,94,95,96,97,98,99,100,101,102,8.1,3.1,9.0,2.0,2t6cux37,,,200.00000,,,,,5000.00,,1,
P11,w8txiz3u,,121/121 pages,MLG_survey,1,Payment_info,Playing,10.111.206.121,2016-08-22 17:37:54.880974+00:00,0,101,1,,,3,,119,5.7,5,5,101,0,1,0,3,59,18,20.8,0.7,10,5,1,3,2,8,12,10,5,1,3,8,1,7,3,5,11,91,92,93,94,95,96,97,98,99,100,101,102,8.1,3.1,9.0,2.0,2t6cux37,,,200.00000,,,,,5000.00,,1,
P7,z6185o9m,,121/121 pages,MLG_survey,1,Payment_info,Playing,10.93.183.121,2016-08-22 17:38:42.115072+00:00,0,97,1,,,2,,115,4.7,4,8,97,0,1,0,3,59,18,20.8,0.7,10,5,1,3,2,8,12,10,5,1,3,8,1,7,3,5,11,91,92,93,94,95,96,97,98,99,100,101,102,8.1,3.1,9.0,2.0,2t6cux37,,,200.00000,,,,,5000.00,,1,
P3,l739scml,,121/121 pages,MLG_survey,1,Payment_info,Playing,10.65.93.238,2016-08-22 17:39:16.840737+00:00,0,93,1,,,2,,111,4.1,1,10,93,1,0,0,1,58,11,23.4,3.1,10,5,1,3,2,8,12,10,5,1,3,8,1,7,3,5,11,91,92,93,94,95,96,97,98,99,100,101,102,8.1,3.1,9.0,2.0,2t6cux37,,,200.00000,,,,,5000.00,,1,
P7,f5j0x68s,,121/121 pages,MLG_survey,1,Payment_info,Playing,10.141.33.163,2016-08-22 22:28:37.829446+00:00,0,121,1,,,4,,163,5.0,4,7,121,0,0,1,2,84,17,21.0,1,14,4,3,1,2,3,4,1,10,4,4,7,7,1,7,11,12,115,116,117,118,119,120,121,122,123,124,125,126,6.7,3.7,5.0,1,m7yiq95t,,,200.00000,,,,,5000.00,,1,
P10,ydsge81s,,121/121 pages,MLG_survey,1,Payment_info,Playing,10.33.196.195,2016-08-22 22:30:33.853887+00:00,0,124,1,,,1,,166,5.0,4,7,124,0,0,1,2,84,17,21.0,1,14,4,3,1,2,3,4,1,10,4,4,7,7,1,7,11,12,115,116,117,118,119,120,121,122,123,124,125,126,6.7,3.7,5.0,1,m7yiq95t,,,200.00000,,,,,5000.00,,1,
P8,ihne4spc,,121/121 pages,MLG_survey,1,Payment_info,Playing,10.184.171.93,2016-08-22 22:28:22.599381+00:00,0,122,1,,,2,,164,5.0,4,7,122,0,0,1,2,84,17,21.0,1,14,4,3,1,2,3,4,1,10,4,4,7,7,1,7,11,12,115,116,117,118,119,120,121,122,123,124,125,126,6.7,3.7,5.0,1,m7yiq95t,,,200.00000,,,,,5000.00,,1,
P4,3k9j4xgn,,121/121 pages,MLG_survey,1,Payment_info,Playing,10.138.145.240,2016-08-22 22:29:08.183207+00:00,0,118,1,,,4,,160,4.7,3,10,118,0,1,0,1,83,15,21.8,1.7,14,4,3,1,2,3,4,1,10,4,4,7,7,1,7,11,12,115,116,117,118,119,120,121,122,123,124,125,126,6.7,3.7,5.0,1,m7yiq95t,,,200.00000,,,,,5000.00,,1,
P12,t9kl2n8x,,121/121 pages,MLG_survey,1,Payment_info,Playing,10.13.220.50,2016-08-22 22:30:17.425605+00:00,0,126,1,,,3,,168,3.7,2,12,126,0,1,0,1,83,15,21.8,1.7,14,4,3,1,2,3,4,1,10,4,4,7,7,1,7,11,12,115,116,117,118,119,120,121,122,123,124,125,126,6.7,3.7,5.0,1,m7yiq95t,,,200.00000,,,,,5000.00,,1,
P11,enoytqa1,,121/121 pages,MLG_survey,1,Payment_info,Playing,10.184.171.93,2016-08-22 22:30:29.823319+00:00,0,125,1,,,4,,167,4.3,4,11,125,1,0,0,3,82,19,20.2,0.3,14,4,3,1,2,3,4,1,10,4,4,7,7,1,7,11,12,115,116,117,118,119,120,121,122,123,124,125,126,6.7,3.7,5.0,1,m7yiq95t,,,200.00000,,,,,5000.00,,1,
P9,frno2noq,,121/121 pages,MLG_survey,1,Payment_info,Playing,10.142.28.175,2016-08-22 22:30:18.753979+00:00,0,123,1,,,2,,165,6.7,5,1,123,0,1,0,1,83,15,21.8,1.7,14,4,3,1,2,3,4,1,10,4,4,7,7,1,7,11,12,115,116,117,118,119,120,121,122,123,124,125,126,6.7,3.7,5.0,1,m7yiq95t,,,200.00000,,,,,5000.00,,1,
P5,doui53it,,121/121 pages,MLG_survey,1,Payment_info,Playing,10.111.201.32,2016-08-22 22:29:19.633131+00:00,0,119,1,,,2,,161,5.3,5,4,119,1,0,0,3,82,19,20.2,0.3,14,4,3,1,2,3,4,1,10,4,4,7,7,1,7,11,12,115,116,117,118,119,120,121,122,123,124,125,126,6.7,3.7,5.0,1,m7yiq95t,,,200.00000,,,,,5000.00,,1,
P3,c7noh4z6,,121/121 pages,MLG_survey,1,Payment_info,Playing,10.13.200.15,2016-08-22 22:28:53.833365+00:00,0,117,1,,,1,,159,6.7,5,1,117,0,1,0,1,83,15,21.8,1.7,14,4,3,1,2,3,4,1,10,4,4,7,7,1,7,11,12,115,116,117,118,119,120,121,122,123,124,125,126,6.7,3.7,5.0,1,m7yiq95t,,,200.00000,,,,,5000.00,,1,
P2,7s3nsihj,,121/121 pages,MLG_survey,1,Payment_info,Playing,10.184.171.93,2016-08-22 22:28:40.454912+00:00,0,116,1,,,3,,158,5.3,5,4,116,1,0,0,3,82,19,20.2,0.3,14,4,3,1,2,3,4,1,10,4,4,7,7,1,7,11,12,115,116,117,118,119,120,121,122,123,124,125,126,6.7,3.7,5.0,1,m7yiq95t,,,200.00000,,,,,5000.00,,1,
P1,ut05vfix,,121/121 pages,MLG_survey,1,Payment_info,Playing,10.237.244.41,2016-08-22 22:28:31.035820+00:00,0,115,1,,,3,,157,6.0,5,3,115,0,0,1,2,84,17,21.0,1,14,4,3,1,2,3,4,1,10,4,4,7,7,1,7,11,12,115,116,117,118,119,120,121,122,123,124,125,126,6.7,3.7,5.0,1,m7yiq95t,,,200.00000,,,,,5000.00,,1,
P6,skf3koob,,121/121 pages,MLG_survey,1,Payment_info,Playing,10.35.233.184,2016-08-22 22:29:38.557601+00:00,0,120,1,,,1,,162,5.3,5,4,120,1,0,0,3,82,19,20.2,0.3,14,4,3,1,2,3,4,1,10,4,4,7,7,1,7,11,12,115,116,117,118,119,120,121,122,123,124,125,126,6.7,3.7,5.0,1,m7yiq95t,,,200.00000,,,,,5000.00,,1,
P2,7s3nsihj,,121/121 pages,MLG_survey,1,Payment_info,Playing,10.184.171.93,2016-08-22 22:28:40.454912+00:00,0,116,1,,,3,,170,6.0,5,3,116,1,0,0,2,88,17,21.0,1,15,5,2,3,1,1,3,5,5,3,8,9,1,12,9,11,5,115,116,117,118,119,120,121,122,123,124,125,126,6.4,3.7,4.0,2.0,m7yiq95t,,,200.00000,,,,,5000.00,,1,
P5,doui53it,,121/121 pages,MLG_survey,1,Payment_info,Playing,10.111.201.32,2016-08-22 22:29:19.633131+00:00,0,119,1,,,2,,173,6.0,5,3,119,1,0,0,2,88,17,21.0,1,15,5,2,3,1,1,3,5,5,3,8,9,1,12,9,11,5,115,116,117,118,119,120,121,122,123,124,125,126,6.4,3.7,4.0,2.0,m7yiq95t,,,200.00000,,,,,5000.00,,1,
P11,enoytqa1,,121/121 pages,MLG_survey,1,Payment_info,Playing,10.184.171.93,2016-08-22 22:30:29.823319+00:00,0,125,1,,,4,,179,4.0,3,11,125,1,0,0,2,88,17,21.0,1,15,5,2,3,1,1,3,5,5,3,8,9,1,12,9,11,5,115,116,117,118,119,120,121,122,123,124,125,126,6.4,3.7,4.0,2.0,m7yiq95t,,,200.00000,,,,,5000.00,,1,
P7,f5j0x68s,,121/121 pages,MLG_survey,1,Payment_info,Playing,10.141.33.163,2016-08-22 22:28:37.829446+00:00,0,121,1,,,4,,175,4.4,3,9,121,0,0,1,1,90,16,21.6,1.4,15,5,2,3,1,1,3,5,5,3,8,9,1,12,9,11,5,115,116,117,118,119,120,121,122,123,124,125,126,6.4,3.7,4.0,2.0,m7yiq95t,,,200.00000,,,,,5000.00,,1,
P9,frno2noq,,121/121 pages,MLG_survey,1,Payment_info,Playing,10.142.28.175,2016-08-22 22:30:18.753979+00:00,0,123,1,,,2,,177,3.7,3,12,123,0,1,0,3,89,18,20.8,0.7,15,5,2,3,1,1,3,5,5,3,8,9,1,12,9,11,5,115,116,117,118,119,120,121,122,123,124,125,126,6.4,3.7,4.0,2.0,m7yiq95t,,,200.00000,,,,,5000.00,,1,
P8,ihne4spc,,121/121 pages,MLG_survey,1,Payment_info,Playing,10.184.171.93,2016-08-22 22:28:22.599381+00:00,0,122,1,,,2,,176,6.4,5,1,122,0,0,1,1,90,16,21.6,1.4,15,5,2,3,1,1,3,5,5,3,8,9,1,12,9,11,5,115,116,117,118,119,120,121,122,123,124,125,126,6.4,3.7,4.0,2.0,m7yiq95t,,,200.00000,,,,,5000.00,,1,
P1,ut05vfix,,121/121 pages,MLG_survey,1,Payment_info,Playing,10.237.244.41,2016-08-22 22:28:31.035820+00:00,0,115,1,,,3,,169,6.4,5,1,115,0,0,1,1,90,16,21.6,1.4,15,5,2,3,1,1,3,5,5,3,8,9,1,12,9,11,5,115,116,117,118,119,120,121,122,123,124,125,126,6.4,3.7,4.0,2.0,m7yiq95t,,,200.00000,,,,,5000.00,,1,
P4,3k9j4xgn,,121/121 pages,MLG_survey,1,Payment_info,Playing,10.138.145.240,2016-08-22 22:29:08.183207+00:00,0,118,1,,,4,,172,5.7,5,5,118,0,1,0,3,89,18,20.8,0.7,15,5,2,3,1,1,3,5,5,3,8,9,1,12,9,11,5,115,116,117,118,119,120,121,122,123,124,125,126,6.4,3.7,4.0,2.0,m7yiq95t,,,200.00000,,,,,5000.00,,1,
P2,9kvkd4i6,,121/121 pages,MLG_survey,1,Payment_info,Playing,10.178.230.6,2016-08-24 19:22:41.174258+00:00,0,160,1,,,3,,206,5.5,2,7,160,1,0,0,1,106,10,24.0,3.5,18,3,1,3,2,2,7,10,5,9,7,5,12,1,2,11,2,159,160,161,162,163,164,165,166,167,168,169,170,8.5,2.4,10.0,3.0,0fpbzs3z,,,200.00000,,,,,5000.00,,1,
P5,aqz8kpeg,,121/121 pages,MLG_survey,1,Payment_info,Playing,10.170.144.135,2016-08-24 19:22:26.031067+00:00,0,163,1,,,1,,209,5.0,4,9,163,0,1,0,3,107,17,21.0,1,18,3,1,3,2,2,7,10,5,9,7,5,12,1,2,11,2,159,160,161,162,163,164,165,166,167,168,169,170,8.5,2.4,10.0,3.0,0fpbzs3z,,,200.00000,,,,,5000.00,,1,
P4,1ws6fjdv,,121/121 pages,MLG_survey,1,Payment_info,Playing,10.13.200.15,2016-08-24 19:23:23.546293+00:00,0,162,1,,,3,,208,6.0,5,5,162,0,1,0,3,107,17,21.0,1,18,3,1,3,2,2,7,10,5,9,7,5,12,1,2,11,2,159,160,161,162,163,164,165,166,167,168,169,170,8.5,2.4,10.0,3.0,0fpbzs3z,,,200.00000,,,,,5000.00,,1,
P6,92slnsbb,,121/121 pages,MLG_survey,1,Payment_info,Playing,10.93.189.130,2016-08-24 19:22:48.197065+00:00,0,164,1,,,2,,210,5.5,2,7,164,1,0,0,1,106,10,24.0,3.5,18,3,1,3,2,2,7,10,5,9,7,5,12,1,2,11,2,159,160,161,162,163,164,165,166,167,168,169,170,8.5,2.4,10.0,3.0,0fpbzs3z,,,200.00000,,,,,5000.00,,1,
P1,sjcpjyj5,,121/121 pages,MLG_survey,1,Payment_info,Playing,10.179.239.229,2016-08-24 19:22:20.332262+00:00,0,159,1,,,1,,229,8.1,5,1,159,0,0,1,1,120,11,23.4,3.1,20,5,2,2,1,1,9,3,3,3,9,3,8,3,11,12,2,159,160,161,162,163,164,165,166,167,168,169,170,8.1,2.4,9.0,4.0,0fpbzs3z,,,200.00000,,,,,5000.00,,1,
P8,b3i274az,,121/121 pages,MLG_survey,1,Payment_info,Playing,10.180.37.142,2016-08-24 19:24:48.791579+00:00,0,166,1,,,3,,236,5.1,2,8,166,0,0,1,1,120,11,23.4,3.1,20,5,2,2,1,1,9,3,3,3,9,3,8,3,11,12,2,159,160,161,162,163,164,165,166,167,168,169,170,8.1,2.4,9.0,4.0,0fpbzs3z,,,200.00000,,,,,5000.00,,1,
P12,s9vmyr55,,121/121 pages,MLG_survey,1,Payment_info,Playing,10.179.236.35,2016-08-24 19:23:22.130324+00:00,0,170,1,,,4,,240,7.1,4,2,170,0,0,1,1,120,11,23.4,3.1,20,5,2,2,1,1,9,3,3,3,9,3,8,3,11,12,2,159,160,161,162,163,164,165,166,167,168,169,170,8.1,2.4,9.0,4.0,0fpbzs3z,,,200.00000,,,,,5000.00,,1,
P10,cur8pcqa,,121/121 pages,MLG_survey,1,Payment_info,Playing,10.7.190.70,2016-08-24 19:24:49.518930+00:00,0,168,1,,,2,,238,3.1,0,11,168,0,0,1,1,120,11,23.4,3.1,20,5,2,2,1,1,9,3,3,3,9,3,8,3,11,12,2,159,160,161,162,163,164,165,166,167,168,169,170,8.1,2.4,9.0,4.0,0fpbzs3z,,,200.00000,,,,,5000.00,,1,
P2,9kvkd4i6,,121/121 pages,MLG_survey,1,Payment_info,Playing,10.178.230.6,2016-08-24 19:22:41.174258+00:00,0,160,1,,,3,,230,4.4,3,9,160,1,0,0,2,118,16,21.6,1.4,20,5,2,2,1,1,9,3,3,3,9,3,8,3,11,12,2,159,160,161,162,163,164,165,166,167,168,169,170,8.1,2.4,9.0,4.0,0fpbzs3z,,,200.00000,,,,,5000.00,,1,
P6,92slnsbb,,121/121 pages,MLG_survey,1,Payment_info,Playing,10.93.189.130,2016-08-24 19:22:48.197065+00:00,0,164,1,,,2,,234,4.4,3,9,164,1,0,0,2,118,16,21.6,1.4,20,5,2,2,1,1,9,3,3,3,9,3,8,3,11,12,2,159,160,161,162,163,164,165,166,167,168,169,170,8.1,2.4,9.0,4.0,0fpbzs3z,,,200.00000,,,,,5000.00,,1,
P3,qorbl9h6,,121/121 pages,MLG_survey,1,Payment_info,Playing,10.170.178.66,2016-08-24 19:23:00.624743+00:00,0,161,1,,,1,,231,6.4,5,3,161,1,0,0,2,118,16,21.6,1.4,20,5,2,2,1,1,9,3,3,3,9,3,8,3,11,12,2,159,160,161,162,163,164,165,166,167,168,169,170,8.1,2.4,9.0,4.0,0fpbzs3z,,,200.00000,,,,,5000.00,,1,
P9,mjdnctyz,,121/121 pages,MLG_survey,1,Payment_info,Playing,10.168.218.13,2016-08-24 19:25:33.904216+00:00,0,167,1,,,4,,237,6.4,5,3,167,1,0,0,2,118,16,21.6,1.4,20,5,2,2,1,1,9,3,3,3,9,3,8,3,11,12,2,159,160,161,162,163,164,165,166,167,168,169,170,8.1,2.4,9.0,4.0,0fpbzs3z,,,200.00000,,,,,5000.00,,1,
P4,1ws6fjdv,,121/121 pages,MLG_survey,1,Payment_info,Playing,10.13.200.15,2016-08-24 19:23:23.546293+00:00,0,162,1,,,3,,232,6.4,5,3,162,0,1,0,2,119,16,21.6,1.4,20,5,2,2,1,1,9,3,3,3,9,3,8,3,11,12,2,159,160,161,162,163,164,165,166,167,168,169,170,8.1,2.4,9.0,4.0,0fpbzs3z,,,200.00000,,,,,5000.00,,1,
P7,9ztf0gck,,121/121 pages,MLG_survey,1,Payment_info,Playing,10.51.167.27,2016-08-24 19:26:18.989753+00:00,0,165,1,,,2,,235,6.4,5,3,165,0,1,0,2,119,16,21.6,1.4,20,5,2,2,1,1,9,3,3,3,9,3,8,3,11,12,2,159,160,161,162,163,164,165,166,167,168,169,170,8.1,2.4,9.0,4.0,0fpbzs3z,,,200.00000,,,,,5000.00,,1,
P5,aqz8kpeg,,121/121 pages,MLG_survey,1,Payment_info,Playing,10.170.144.135,2016-08-24 19:22:26.031067+00:00,0,163,1,,,1,,233,6.4,5,3,163,0,1,0,2,119,16,21.6,1.4,20,5,2,2,1,1,9,3,3,3,9,3,8,3,11,12,2,159,160,161,162,163,164,165,166,167,168,169,170,8.1,2.4,9.0,4.0,0fpbzs3z,,,200.00000,,,,,5000.00,,1,
P11,jklv5j48,,121/121 pages,MLG_survey,1,Payment_info,Playing,10.142.28.175,2016-08-24 19:23:41.215015+00:00,0,169,1,,,4,,239,2.4,1,12,169,0,1,0,2,119,16,21.6,1.4,20,5,2,2,1,1,9,3,3,3,9,3,8,3,11,12,2,159,160,161,162,163,164,165,166,167,168,169,170,8.1,2.4,9.0,4.0,0fpbzs3z,,,200.00000,,,,,5000.00,,1,
P6,92slnsbb,,121/121 pages,MLG_survey,1,Payment_info,Playing,10.93.189.130,2016-08-24 19:22:48.197065+00:00,0,164,1,,,2,,222,5.4,3,3,164,1,0,0,1,112,13,22.6,2.4,19,4,1,3,2,2,3,1,7,7,3,7,3,11,11,7,3,159,160,161,162,163,164,165,166,167,168,169,170,7.4,4.4,7.0,0,0fpbzs3z,,,200.00000,,,,,5000.00,,1,
P9,mjdnctyz,,121/121 pages,MLG_survey,1,Payment_info,Playing,10.168.218.13,2016-08-24 19:25:33.904216+00:00,0,167,1,,,4,,225,4.4,2,11,167,1,0,0,1,112,13,22.6,2.4,19,4,1,3,2,2,3,1,7,7,3,7,3,11,11,7,3,159,160,161,162,163,164,165,166,167,168,169,170,7.4,4.4,7.0,0,0fpbzs3z,,,200.00000,,,,,5000.00,,1,
P8,b3i274az,,121/121 pages,MLG_survey,1,Payment_info,Playing,10.180.37.142,2016-08-24 19:24:48.791579+00:00,0,166,1,,,3,,224,5.4,4,3,166,0,0,1,2,114,16,21.6,1.4,19,4,1,3,2,2,3,1,7,7,3,7,3,11,11,7,3,159,160,161,162,163,164,165,166,167,168,169,170,7.4,4.4,7.0,0,0fpbzs3z,,,200.00000,,,,,5000.00,,1,
P1,sjcpjyj5,,121/121 pages,MLG_survey,1,Payment_info,Playing,10.179.239.229,2016-08-24 19:22:20.332262+00:00,0,159,1,,,1,,217,6.4,5,2,159,0,0,1,2,114,16,21.6,1.4,19,4,1,3,2,2,3,1,7,7,3,7,3,11,11,7,3,159,160,161,162,163,164,165,166,167,168,169,170,7.4,4.4,7.0,0,0fpbzs3z,,,200.00000,,,,,5000.00,,1,
P12,s9vmyr55,,121/121 pages,MLG_survey,1,Payment_info,Playing,10.179.236.35,2016-08-24 19:23:22.130324+00:00,0,170,1,,,4,,228,5.4,4,3,170,0,0,1,2,114,16,21.6,1.4,19,4,1,3,2,2,3,1,7,7,3,7,3,11,11,7,3,159,160,161,162,163,164,165,166,167,168,169,170,7.4,4.4,7.0,0,0fpbzs3z,,,200.00000,,,,,5000.00,,1,
P5,aqz8kpeg,,121/121 pages,MLG_survey,1,Payment_info,Playing,10.170.144.135,2016-08-24 19:22:26.031067+00:00,0,163,1,,,1,,221,5.0,5,7,163,0,1,0,3,113,20,20.0,0,19,4,1,3,2,2,3,1,7,7,3,7,3,11,11,7,3,159,160,161,162,163,164,165,166,167,168,169,170,7.4,4.4,7.0,0,0fpbzs3z,,,200.00000,,,,,5000.00,,1,
P4,1ws6fjdv,,121/121 pages,MLG_survey,1,Payment_info,Playing,10.13.200.15,2016-08-24 19:23:23.546293+00:00,0,162,1,,,3,,220,5.0,5,7,162,0,1,0,3,113,20,20.0,0,19,4,1,3,2,2,3,1,7,7,3,7,3,11,11,7,3,159,160,161,162,163,164,165,166,167,168,169,170,7.4,4.4,7.0,0,0fpbzs3z,,,200.00000,,,,,5000.00,,1,
P11,jklv5j48,,121/121 pages,MLG_survey,1,Payment_info,Playing,10.142.28.175,2016-08-24 19:23:41.215015+00:00,0,169,1,,,4,,227,5.0,5,7,169,0,1,0,3,113,20,20.0,0,19,4,1,3,2,2,3,1,7,7,3,7,3,11,11,7,3,159,160,161,162,163,164,165,166,167,168,169,170,7.4,4.4,7.0,0,0fpbzs3z,,,200.00000,,,,,5000.00,,1,
P2,9kvkd4i6,,121/121 pages,MLG_survey,1,Payment_info,Playing,10.178.230.6,2016-08-24 19:22:41.174258+00:00,0,160,1,,,3,,218,5.4,3,3,160,1,0,0,1,112,13,22.6,2.4,19,4,1,3,2,2,3,1,7,7,3,7,3,11,11,7,3,159,160,161,162,163,164,165,166,167,168,169,170,7.4,4.4,7.0,0,0fpbzs3z,,,200.00000,,,,,5000.00,,1,
P3,qorbl9h6,,121/121 pages,MLG_survey,1,Payment_info,Playing,10.170.178.66,2016-08-24 19:23:00.624743+00:00,0,161,1,,,1,,219,7.4,5,1,161,1,0,0,1,112,13,22.6,2.4,19,4,1,3,2,2,3,1,7,7,3,7,3,11,11,7,3,159,160,161,162,163,164,165,166,167,168,169,170,7.4,4.4,7.0,0,0fpbzs3z,,,200.00000,,,,,5000.00,,1,
P7,9ztf0gck,,121/121 pages,MLG_survey,1,Payment_info,Playing,10.51.167.27,2016-08-24 19:26:18.989753+00:00,0,165,1,,,2,,223,5.0,5,7,165,0,1,0,3,113,20,20.0,0,19,4,1,3,2,2,3,1,7,7,3,7,3,11,11,7,3,159,160,161,162,163,164,165,166,167,168,169,170,7.4,4.4,7.0,0,0fpbzs3z,,,200.00000,,,,,5000.00,,1,
P10,cur8pcqa,,121/121 pages,MLG_survey,1,Payment_info,Playing,10.7.190.70,2016-08-24 19:24:49.518930+00:00,0,168,1,,,2,,226,4.4,3,11,168,0,0,1,2,114,16,21.6,1.4,19,4,1,3,2,2,3,1,7,7,3,7,3,11,11,7,3,159,160,161,162,163,164,165,166,167,168,169,170,7.4,4.4,7.0,0,0fpbzs3z,,,200.00000,,,,,5000.00,,1,
